"location","age","year","enteric_deaths_pct","enteric_deaths_num"
"Central Asia","<5 years",1991,12.1258399039795,13511.7606
"Central Asia","5-9 years",1991,2.18969874206969,109.7101497
"Central Asia","10-14 years",1991,1.44429514482881,48.07936422
"Central Asia","15-19 years",1991,0.432336020130798,24.21063956
"Central Asia","20-24 years",1991,0.371935839079341,30.72374858
"South Asia","<5 years",1991,13.7858210228777,671492.1054
"South Asia","5-9 years",1991,25.0496725372466,79341.7139
"South Asia","10-14 years",1991,27.2464572481235,42639.94168
"South Asia","15-19 years",1991,16.2507909670537,29229.02145
"South Asia","20-24 years",1991,10.4693822153539,23773.53761
"Southern Sub-Saharan Africa","<5 years",1991,15.5975270197913,23111.53793
"Southern Sub-Saharan Africa","5-9 years",1991,11.3038401658261,1001.464778
"Southern Sub-Saharan Africa","10-14 years",1991,9.21537570870993,453.7802522
"Southern Sub-Saharan Africa","15-19 years",1991,4.38568337850137,387.5022512
"Southern Sub-Saharan Africa","20-24 years",1991,3.95010483617548,594.9816126
"East Asia","<5 years",1990,5.66011146247217,74119.69499
"East Asia","5-9 years",1990,2.12186713581002,2223.024241
"East Asia","10-14 years",1990,1.9804741688897,1116.338699
"East Asia","15-19 years",1990,1.06302493307056,923.1787527
"East Asia","20-24 years",1990,0.638333388285074,804.6305062
"South Asia","<5 years",1992,13.7570417337809,655598.2603
"South Asia","5-9 years",1992,26.5305350795978,81282.30456
"South Asia","10-14 years",1992,29.6703727118318,43484.137
"South Asia","15-19 years",1992,17.2567775122189,28629.18748
"South Asia","20-24 years",1992,10.9096886799616,23657.05776
"Eastern Sub-Saharan Africa","<5 years",1992,15.3029841373786,216518.1265
"Eastern Sub-Saharan Africa","5-9 years",1992,17.5235468030558,9456.466946
"Eastern Sub-Saharan Africa","10-14 years",1992,16.7294493894741,4804.413295
"Eastern Sub-Saharan Africa","15-19 years",1992,12.413035885677,5153.161212
"Eastern Sub-Saharan Africa","20-24 years",1992,7.42594926441327,4643.752361
"Southern Sub-Saharan Africa","<5 years",1992,15.5190387498503,22557.19512
"Southern Sub-Saharan Africa","5-9 years",1992,11.398079360669,998.901486
"Southern Sub-Saharan Africa","10-14 years",1992,9.22253616305455,458.8040834
"Southern Sub-Saharan Africa","15-19 years",1992,4.1021748903546,387.2974302
"Southern Sub-Saharan Africa","20-24 years",1992,3.59088593449151,603.0650035
"Central Asia","<5 years",1992,12.015951774969,13832.1132
"Central Asia","5-9 years",1992,2.05223529930752,126.1249642
"Central Asia","10-14 years",1992,1.28419017054386,54.03102513
"Central Asia","15-19 years",1992,0.355008155676351,27.56595078
"Central Asia","20-24 years",1992,0.303972406678234,34.98822076
"East Asia","<5 years",1991,5.44025050744163,68793.98204
"East Asia","5-9 years",1991,2.04046851459768,2216.108369
"East Asia","10-14 years",1991,1.88910416519465,1045.213044
"East Asia","15-19 years",1991,1.0158252649293,847.762236
"East Asia","20-24 years",1991,0.609984712039524,766.704379
"Western Sub-Saharan Africa","<5 years",1990,24.6868819118648,310394.8161
"Western Sub-Saharan Africa","5-9 years",1990,18.0768566088216,10884.82377
"Western Sub-Saharan Africa","10-14 years",1990,18.4399476254589,4543.147859
"Western Sub-Saharan Africa","15-19 years",1990,12.8961217674616,3174.260972
"Western Sub-Saharan Africa","20-24 years",1990,10.2018963576675,2905.838397
"Central Sub-Saharan Africa","<5 years",1990,15.4535700857209,64357.81801
"Central Sub-Saharan Africa","5-9 years",1990,10.6529684296214,1952.832554
"Central Sub-Saharan Africa","10-14 years",1990,8.9481480986702,865.551511
"Central Sub-Saharan Africa","15-19 years",1990,6.99131154096271,811.1121111
"Central Sub-Saharan Africa","20-24 years",1990,5.3712177803976,780.2348425
"Southeast Asia","<5 years",1990,15.0700995746965,180366.4211
"Southeast Asia","5-9 years",1990,13.2938948039905,11486.14046
"Southeast Asia","10-14 years",1990,17.5928795838146,7558.491022
"Southeast Asia","15-19 years",1990,9.17481170396972,5364.701714
"Southeast Asia","20-24 years",1990,4.55913708490354,4553.922719
"South Asia","<5 years",1992,13.7570417337809,655598.2603
"South Asia","5-9 years",1992,26.5305350795978,81282.30456
"South Asia","10-14 years",1992,29.6703727118318,43484.137
"South Asia","15-19 years",1992,17.2567775122189,28629.18748
"South Asia","20-24 years",1992,10.9096886799616,23657.05776
"East Asia","<5 years",1992,5.12258039372097,60272.2468
"East Asia","5-9 years",1992,1.93975412858369,2113.36147
"East Asia","10-14 years",1992,1.80592646402687,955.933429
"East Asia","15-19 years",1992,0.958077226240844,748.8810835
"East Asia","20-24 years",1992,0.579510086069393,699.6486035
"Southeast Asia","<5 years",1991,14.7413469633003,165499.4917
"Southeast Asia","5-9 years",1991,13.2272061686737,10793.74035
"Southeast Asia","10-14 years",1991,17.1952967853965,7239.761385
"Southeast Asia","15-19 years",1991,8.96754863285544,5106.405575
"Southeast Asia","20-24 years",1991,4.43619361814385,4315.652588
"Central Sub-Saharan Africa","<5 years",1991,15.6272567265037,64619.85003
"Central Sub-Saharan Africa","5-9 years",1991,10.8667547270762,2026.790576
"Central Sub-Saharan Africa","10-14 years",1991,9.16505334438227,899.4489558
"Central Sub-Saharan Africa","15-19 years",1991,7.10389335021005,837.1842099
"Central Sub-Saharan Africa","20-24 years",1991,5.39087213609028,800.2452819
"Western Sub-Saharan Africa","<5 years",1991,24.8789616899785,327208.8526
"Western Sub-Saharan Africa","5-9 years",1991,18.8872091095955,11486.6136
"Western Sub-Saharan Africa","10-14 years",1991,18.9426466430339,4788.135411
"Western Sub-Saharan Africa","15-19 years",1991,13.032918732896,3305.539603
"Western Sub-Saharan Africa","20-24 years",1991,10.1878586437681,3012.58084
"Southeast Asia","<5 years",1992,14.4724067328025,151637.1258
"Southeast Asia","5-9 years",1992,13.3982426954921,10167.2676
"Southeast Asia","10-14 years",1992,17.2695085424976,6932.33123
"Southeast Asia","15-19 years",1992,8.91759037342803,4882.791692
"Southeast Asia","20-24 years",1992,4.40811610379284,4111.020944
"Western Sub-Saharan Africa","<5 years",1992,23.7431880158536,315050.3402
"Western Sub-Saharan Africa","5-9 years",1992,18.5457548292348,11344.2176
"Western Sub-Saharan Africa","10-14 years",1992,18.6664716676215,4793.964521
"Western Sub-Saharan Africa","15-19 years",1992,12.6664650816989,3318.254186
"Western Sub-Saharan Africa","20-24 years",1992,9.75581204621432,3018.512629
"Southeast Asia","<5 years",1994,13.8843984272987,128166.9303
"Southeast Asia","5-9 years",1994,13.6628212200736,9071.617691
"Southeast Asia","10-14 years",1994,17.00073101157,6301.043508
"Southeast Asia","15-19 years",1994,8.59272376465715,4477.117614
"Southeast Asia","20-24 years",1994,4.24283769281497,3732.319534
"Central Asia","<5 years",1990,12.102746116773,13699.18517
"Central Asia","5-9 years",1990,2.23188674803034,113.2218729
"Central Asia","10-14 years",1990,1.47114697396461,47.48248874
"Central Asia","15-19 years",1990,0.453283017304989,23.37130887
"Central Asia","20-24 years",1990,0.39012152758198,29.90443674
"Southern Sub-Saharan Africa","<5 years",1990,15.7148714593151,24076.57503
"Southern Sub-Saharan Africa","5-9 years",1990,11.1284745857318,1018.412854
"Southern Sub-Saharan Africa","10-14 years",1990,9.15204720832272,456.6109368
"Southern Sub-Saharan Africa","15-19 years",1990,4.58300595837589,391.5839103
"Southern Sub-Saharan Africa","20-24 years",1990,4.20497686237818,603.1659844
"South Asia","<5 years",1990,13.8317458432789,687607.579
"South Asia","5-9 years",1990,26.4579391650572,80940.74098
"South Asia","10-14 years",1990,30.0206193016371,43081.68322
"South Asia","15-19 years",1990,17.6433887506012,30087.95678
"South Asia","20-24 years",1990,11.0723411225839,24156.68791
"Eastern Sub-Saharan Africa","<5 years",1990,14.84809535222,216217.6445
"Eastern Sub-Saharan Africa","5-9 years",1990,16.2175844674925,9350.53866
"Eastern Sub-Saharan Africa","10-14 years",1990,14.9198330451612,4594.070933
"Eastern Sub-Saharan Africa","15-19 years",1990,11.0602852761006,4834.879706
"Eastern Sub-Saharan Africa","20-24 years",1990,6.95376415677034,4420.761705
"East Asia","<5 years",1993,4.87343480020467,52732.98973
"East Asia","5-9 years",1993,1.85904967191064,1994.363058
"East Asia","10-14 years",1993,1.74440307933241,886.6773376
"East Asia","15-19 years",1993,0.911133651541853,661.1708608
"East Asia","20-24 years",1993,0.550313897343697,639.9784045
"South Asia","<5 years",1990,13.8317458432789,687607.579
"South Asia","5-9 years",1990,26.4579391650572,80940.74098
"South Asia","10-14 years",1990,30.0206193016371,43081.68322
"South Asia","15-19 years",1990,17.6433887506012,30087.95678
"South Asia","20-24 years",1990,11.0723411225839,24156.68791
"Eastern Sub-Saharan Africa","<5 years",1991,15.0073742522686,215209.7209
"Eastern Sub-Saharan Africa","5-9 years",1991,16.9390454284526,9352.62933
"Eastern Sub-Saharan Africa","10-14 years",1991,15.9628447515734,4692.358029
"Eastern Sub-Saharan Africa","15-19 years",1991,11.9875120229524,4994.960717
"Eastern Sub-Saharan Africa","20-24 years",1991,7.43688327242979,4533.928265
"Central Sub-Saharan Africa","<5 years",1992,15.7597234657191,64114.33326
"Central Sub-Saharan Africa","5-9 years",1992,10.8162598415802,2069.345331
"Central Sub-Saharan Africa","10-14 years",1992,8.97408021151498,909.8592576
"Central Sub-Saharan Africa","15-19 years",1992,6.9095361934459,843.4340919
"Central Sub-Saharan Africa","20-24 years",1992,5.13325795329741,800.5350432
"Western Sub-Saharan Africa","<5 years",1995,22.0156623566495,324949.5511
"Western Sub-Saharan Africa","5-9 years",1995,18.6212663380957,11935.87321
"Western Sub-Saharan Africa","10-14 years",1995,18.1475125136872,5076.595981
"Western Sub-Saharan Africa","15-19 years",1995,12.0948184774922,3525.162943
"Western Sub-Saharan Africa","20-24 years",1995,8.99912377921145,3195.46819
"South Asia","<5 years",1991,13.7858210228777,671492.1054
"South Asia","5-9 years",1991,25.0496725372466,79341.7139
"South Asia","10-14 years",1991,27.2464572481235,42639.94168
"South Asia","15-19 years",1991,16.2507909670537,29229.02145
"South Asia","20-24 years",1991,10.4693822153539,23773.53761
"Central Sub-Saharan Africa","<5 years",1995,16.9550530733903,67100.65783
"Central Sub-Saharan Africa","5-9 years",1995,10.864803039577,2215.173094
"Central Sub-Saharan Africa","10-14 years",1995,8.81873670945039,965.464948
"Central Sub-Saharan Africa","15-19 years",1995,6.82385892334513,891.7988971
"Central Sub-Saharan Africa","20-24 years",1995,4.99505507340316,840.7930975
"Southeast Asia","<5 years",1993,14.197745403553,139784.9227
"Southeast Asia","5-9 years",1993,13.5693938774085,9621.147779
"Southeast Asia","10-14 years",1993,17.2372607677076,6636.508738
"Southeast Asia","15-19 years",1993,8.80341372310125,4679.5201
"Southeast Asia","20-24 years",1993,4.36182010128346,3927.002837
"East Asia","<5 years",1996,4.17843669118764,34286.20703
"East Asia","5-9 years",1996,1.56159279753587,1496.255335
"East Asia","10-14 years",1996,1.4803728563847,765.2439845
"East Asia","15-19 years",1996,0.813184553484735,467.129539
"East Asia","20-24 years",1996,0.459804984933104,450.9528335
"Southern Sub-Saharan Africa","<5 years",1995,14.162943781998,20222.65031
"Southern Sub-Saharan Africa","5-9 years",1995,11.0782887106983,891.4058318
"Southern Sub-Saharan Africa","10-14 years",1995,8.79050118394367,447.1286089
"Southern Sub-Saharan Africa","15-19 years",1995,3.32225807632291,360.1947291
"Southern Sub-Saharan Africa","20-24 years",1995,2.5588862079415,570.0812605
"East Asia","<5 years",1995,4.36722606237419,39914.01891
"East Asia","5-9 years",1995,1.67663844999176,1683.877365
"East Asia","10-14 years",1995,1.58720736126913,797.4435409
"East Asia","15-19 years",1995,0.852944596394326,520.2882183
"East Asia","20-24 years",1995,0.481928948569577,510.8451951
"Southeast Asia","<5 years",1996,12.9451273460058,105984.5947
"Southeast Asia","5-9 years",1996,13.4692245956452,8071.161561
"Southeast Asia","10-14 years",1996,16.6231837997247,5619.570338
"Southeast Asia","15-19 years",1996,8.13919912505006,4068.885477
"Southeast Asia","20-24 years",1996,3.94182189897402,3364.49824
"Eastern Sub-Saharan Africa","<5 years",1995,15.3227497809801,205400.8084
"Eastern Sub-Saharan Africa","5-9 years",1995,17.1538174714077,9493.102509
"Eastern Sub-Saharan Africa","10-14 years",1995,16.4415365537007,4974.030525
"Eastern Sub-Saharan Africa","15-19 years",1995,12.2151919369941,5571.325994
"Eastern Sub-Saharan Africa","20-24 years",1995,6.68969298438967,4942.975242
"South Asia","<5 years",1995,13.5818150060124,588288.5982
"South Asia","5-9 years",1995,27.2670847945447,82976.58062
"South Asia","10-14 years",1995,29.3497961702195,45948.28655
"South Asia","15-19 years",1995,17.3623200476339,27954.01651
"South Asia","20-24 years",1995,10.2734680701682,22486.31715
"Eastern Sub-Saharan Africa","<5 years",1997,15.079725599618,199597.3106
"Eastern Sub-Saharan Africa","5-9 years",1997,16.1100588206109,9419.13552
"Eastern Sub-Saharan Africa","10-14 years",1997,15.1031619943122,4926.97156
"Eastern Sub-Saharan Africa","15-19 years",1997,11.4568092754584,5693.004149
"Eastern Sub-Saharan Africa","20-24 years",1997,6.22388767095231,5127.45014
"Central Asia","<5 years",1998,10.2797043442667,8328.063345
"Central Asia","5-9 years",1998,2.2438477416918,129.6209436
"Central Asia","10-14 years",1998,1.39163422531217,59.1859613
"Central Asia","15-19 years",1998,0.410015668061276,26.5069944
"Central Asia","20-24 years",1998,0.333101040513026,34.13300388
"Central Asia","<5 years",1996,11.3711567335534,10842.91291
"Central Asia","5-9 years",1996,2.4233119024121,152.6022802
"Central Asia","10-14 years",1996,1.47423753649602,64.8807306
"Central Asia","15-19 years",1996,0.436208363090656,30.9954736
"Central Asia","20-24 years",1996,0.365414655924157,41.4189307
"Central Sub-Saharan Africa","<5 years",1996,17.409571091219,68413.58714
"Central Sub-Saharan Africa","5-9 years",1996,9.56173742122666,2252.43117
"Central Sub-Saharan Africa","10-14 years",1996,7.19553365007752,981.2293508
"Central Sub-Saharan Africa","15-19 years",1996,5.114999584249,901.5845799
"Central Sub-Saharan Africa","20-24 years",1996,3.64793307412917,854.1996673
"Eastern Sub-Saharan Africa","<5 years",1998,14.9022623949978,194961.3218
"Eastern Sub-Saharan Africa","5-9 years",1998,15.6542102016864,9348.264666
"Eastern Sub-Saharan Africa","10-14 years",1998,14.6374366207697,4898.424586
"Eastern Sub-Saharan Africa","15-19 years",1998,11.1988531532794,5722.110782
"Eastern Sub-Saharan Africa","20-24 years",1998,6.07709911531507,5206.684726
"Central Sub-Saharan Africa","<5 years",1997,18.2550272324676,70231.72527
"Central Sub-Saharan Africa","5-9 years",1997,9.71595439154099,2313.866992
"Central Sub-Saharan Africa","10-14 years",1997,7.25598148144645,987.373355
"Central Sub-Saharan Africa","15-19 years",1997,5.25342405063335,902.699762
"Central Sub-Saharan Africa","20-24 years",1997,3.72311750371576,857.356715
"East Asia","<5 years",1998,3.93786253390714,25320.84644
"East Asia","5-9 years",1998,1.36283736333152,1134.059586
"East Asia","10-14 years",1998,1.26306011275116,706.1069295
"East Asia","15-19 years",1998,0.742980780963157,391.4766067
"East Asia","20-24 years",1998,0.43125844945587,346.4883678
"Southeast Asia","<5 years",1998,11.9406537206392,90509.28811
"Southeast Asia","5-9 years",1998,13.2539455159218,7385.875937
"Southeast Asia","10-14 years",1998,16.3405057550235,5085.746547
"Southeast Asia","15-19 years",1998,8.06412995805674,3727.415441
"Southeast Asia","20-24 years",1998,3.89901224195167,3084.519092
"East Asia","<5 years",1999,3.80962255249617,21892.94567
"East Asia","5-9 years",1999,1.29974182957276,980.8531724
"East Asia","10-14 years",1999,1.19675577158422,669.0243361
"East Asia","15-19 years",1999,0.708887548839721,370.7017941
"East Asia","20-24 years",1999,0.41497275622642,308.7595201
"Southeast Asia","<5 years",1999,11.689895061605,84722.2401
"Southeast Asia","5-9 years",1999,13.4000243396665,7112.933038
"Southeast Asia","10-14 years",1999,16.2431616924572,4868.185176
"Southeast Asia","15-19 years",1999,7.89847360685142,3564.592139
"Southeast Asia","20-24 years",1999,3.81895972606656,2982.710437
"Southern Sub-Saharan Africa","<5 years",1999,11.907843288457,19105.66233
"Southern Sub-Saharan Africa","5-9 years",1999,10.1152076939094,850.3680765
"Southern Sub-Saharan Africa","10-14 years",1999,7.88478200256652,465.4807758
"Southern Sub-Saharan Africa","15-19 years",1999,2.86802768426085,376.9510993
"Southern Sub-Saharan Africa","20-24 years",1999,1.84922217969653,604.8239554
"Central Sub-Saharan Africa","<5 years",1998,19.2098656366517,72669.53369
"Central Sub-Saharan Africa","5-9 years",1998,10.0869427732999,2467.224783
"Central Sub-Saharan Africa","10-14 years",1998,7.5632157907855,1074.204126
"Central Sub-Saharan Africa","15-19 years",1998,5.4117990201552,981.7033741
"Central Sub-Saharan Africa","20-24 years",1998,3.90997720024568,934.1362834
"South Asia","<5 years",1998,13.0293125029648,506281.6844
"South Asia","5-9 years",1998,27.2890115670891,75561.16179
"South Asia","10-14 years",1998,29.4180118819028,42019.66062
"South Asia","15-19 years",1998,15.887923069756,28754.85972
"South Asia","20-24 years",1998,9.32322421436283,22066.11245
"Western Sub-Saharan Africa","<5 years",1998,20.9957603738843,331565.6001
"Western Sub-Saharan Africa","5-9 years",1998,18.3534946106231,12489.29334
"Western Sub-Saharan Africa","10-14 years",1998,17.3546538390662,5332.345504
"Western Sub-Saharan Africa","15-19 years",1998,11.1939774370814,3746.052651
"Western Sub-Saharan Africa","20-24 years",1998,8.0358412731871,3409.515232
"Central Sub-Saharan Africa","<5 years",1999,19.416309454494,73859.11086
"Central Sub-Saharan Africa","5-9 years",1999,10.6103223680827,2599.612267
"Central Sub-Saharan Africa","10-14 years",1999,8.17166880660781,1162.827887
"Central Sub-Saharan Africa","15-19 years",1999,5.92119726462165,1067.429046
"Central Sub-Saharan Africa","20-24 years",1999,4.34958324946005,1017.767724
"Southeast Asia","<5 years",1995,13.4461959511822,116603.0111
"Southeast Asia","5-9 years",1995,13.5490921296016,8540.313657
"Southeast Asia","10-14 years",1995,16.7322387226848,5953.052259
"Southeast Asia","15-19 years",1995,8.28431681364757,4265.742402
"Southeast Asia","20-24 years",1995,4.04353820929521,3540.439441
"Eastern Sub-Saharan Africa","<5 years",1999,14.533287045371,191064.9804
"Eastern Sub-Saharan Africa","5-9 years",1999,14.5454598853791,9319.482218
"Eastern Sub-Saharan Africa","10-14 years",1999,13.0281560465795,4842.046619
"Eastern Sub-Saharan Africa","15-19 years",1999,9.77591906347548,5672.575066
"Eastern Sub-Saharan Africa","20-24 years",1999,5.42855935322614,5232.914788
"South Asia","<5 years",1998,13.0293125029648,506281.6844
"South Asia","5-9 years",1998,27.2890115670891,75561.16179
"South Asia","10-14 years",1998,29.4180118819028,42019.66062
"South Asia","15-19 years",1998,15.887923069756,28754.85972
"South Asia","20-24 years",1998,9.32322421436283,22066.11245
"South Asia","<5 years",1994,13.719006672265,607931.5598
"South Asia","5-9 years",1994,27.3389618938709,81570.16333
"South Asia","10-14 years",1994,29.4452746190652,44165.40789
"South Asia","15-19 years",1994,17.3676614358792,28321.14091
"South Asia","20-24 years",1994,10.4417351966593,22824.33832
"Eastern Sub-Saharan Africa","<5 years",1993,15.1622764543923,212172.3513
"Eastern Sub-Saharan Africa","5-9 years",1993,17.518702862022,9448.625246
"Eastern Sub-Saharan Africa","10-14 years",1993,16.8545017016496,4884.02161
"Eastern Sub-Saharan Africa","15-19 years",1993,12.5962099102366,5320.392348
"Eastern Sub-Saharan Africa","20-24 years",1993,7.25973579422299,4742.435224
"Central Asia","<5 years",2000,8.62470370742315,6405.368334
"Central Asia","5-9 years",2000,1.8859795515807,102.9374226
"Central Asia","10-14 years",2000,1.16924121828908,48.77596432
"Central Asia","15-19 years",2000,0.342105106103635,22.32621015
"Central Asia","20-24 years",2000,0.264083728199048,27.34042595
"South Asia","<5 years",2000,12.5148205940337,441071.6694
"South Asia","5-9 years",2000,28.673159266051,69730.20286
"South Asia","10-14 years",2000,28.5195605286352,41736.86928
"South Asia","15-19 years",2000,15.4005716945907,28630.87132
"South Asia","20-24 years",2000,9.11344941134512,21073.85951
"Southern Sub-Saharan Africa","<5 years",1998,12.4513168073786,19098.51392
"Southern Sub-Saharan Africa","5-9 years",1998,10.5281284066717,837.3716238
"Southern Sub-Saharan Africa","10-14 years",1998,7.8735302864029,458.3425934
"Southern Sub-Saharan Africa","15-19 years",1998,2.8309374859856,358.8649357
"Southern Sub-Saharan Africa","20-24 years",1998,1.88864230545579,577.6572434
"Southeast Asia","<5 years",2001,10.9405023357868,72595.69363
"Southeast Asia","5-9 years",2001,13.2490937357113,6462.496531
"Southeast Asia","10-14 years",2001,16.0015521058403,4474.684291
"Southeast Asia","15-19 years",2001,7.90505388127382,3234.154112
"Southeast Asia","20-24 years",2001,3.84331150319574,2775.298233
"Western Sub-Saharan Africa","<5 years",1994,22.6442203298376,321387.1715
"Western Sub-Saharan Africa","5-9 years",1994,18.5977004292832,11737.57125
"Western Sub-Saharan Africa","10-14 years",1994,18.2716266346865,4985.382263
"Western Sub-Saharan Africa","15-19 years",1994,12.0433918660491,3447.99032
"Western Sub-Saharan Africa","20-24 years",1994,9.0321239120961,3126.817882
"East Asia","<5 years",2001,3.65731753654266,15794.09097
"East Asia","5-9 years",2001,1.22993229030363,714.8095329
"East Asia","10-14 years",2001,1.14171399812094,542.8604621
"East Asia","15-19 years",2001,0.658779538703653,350.2819375
"East Asia","20-24 years",2001,0.401852326958082,250.4285999
"South Asia","<5 years",2000,12.5148205940337,441071.6694
"South Asia","5-9 years",2000,28.673159266051,69730.20286
"South Asia","10-14 years",2000,28.5195605286352,41736.86928
"South Asia","15-19 years",2000,15.4005716945907,28630.87132
"South Asia","20-24 years",2000,9.11344941134512,21073.85951
"Central Sub-Saharan Africa","<5 years",2001,19.1807439966683,76775.88688
"Central Sub-Saharan Africa","5-9 years",2001,11.4575201719769,2865.844782
"Central Sub-Saharan Africa","10-14 years",2001,8.72783386089199,1295.319905
"Central Sub-Saharan Africa","15-19 years",2001,6.47024832377221,1198.67077
"Central Sub-Saharan Africa","20-24 years",2001,4.91044502152607,1140.070716
"East Asia","<5 years",2000,3.80292639665134,19006.85075
"East Asia","5-9 years",2000,1.24437313242034,840.4649818
"East Asia","10-14 years",2000,1.13497631566094,613.9140756
"East Asia","15-19 years",2000,0.67853059017594,362.3940143
"East Asia","20-24 years",2000,0.40057095528125,281.3696775
"South Asia","<5 years",1993,13.7704125783723,632505.6133
"South Asia","5-9 years",1993,27.0115923183961,80884.52751
"South Asia","10-14 years",1993,29.3623875960683,43541.76508
"South Asia","15-19 years",1993,17.3532538966835,28033.13844
"South Asia","20-24 years",1993,10.7078895833781,23139.23351
"Central Asia","<5 years",1993,11.729027742009,13521.1796
"Central Asia","5-9 years",1993,1.96051465453134,143.8315132
"Central Asia","10-14 years",1993,1.21102673764022,60.73141384
"Central Asia","15-19 years",1993,0.316728229001819,30.80015586
"Central Asia","20-24 years",1993,0.265764029510291,39.08331726
"Eastern Sub-Saharan Africa","<5 years",2000,13.967757199755,183748.0946
"Eastern Sub-Saharan Africa","5-9 years",2000,14.3725780250645,9280.247984
"Eastern Sub-Saharan Africa","10-14 years",2000,12.675458384308,4803.962185
"Eastern Sub-Saharan Africa","15-19 years",2000,9.61630695097771,5625.388088
"Eastern Sub-Saharan Africa","20-24 years",2000,5.47567803100103,5266.344428
"Western Sub-Saharan Africa","<5 years",2000,20.5669609846957,341192.7615
"Western Sub-Saharan Africa","5-9 years",2000,18.6440138967813,13189.74586
"Western Sub-Saharan Africa","10-14 years",2000,17.3443662469196,5565.431029
"Western Sub-Saharan Africa","15-19 years",2000,11.0229251486043,3878.477294
"Western Sub-Saharan Africa","20-24 years",2000,7.84219952177788,3548.348092
"Southern Sub-Saharan Africa","<5 years",1994,14.5731962630681,20935.68858
"Southern Sub-Saharan Africa","5-9 years",1994,11.3921311256955,930.4594438
"Southern Sub-Saharan Africa","10-14 years",1994,9.0738881417871,456.0053222
"Southern Sub-Saharan Africa","15-19 years",1994,3.59695147950509,371.9161241
"Southern Sub-Saharan Africa","20-24 years",1994,2.92383785237913,589.3270067
"Southeast Asia","<5 years",2000,11.3195278754975,78446.69859
"Southeast Asia","5-9 years",2000,13.3596045957143,6776.271747
"Southeast Asia","10-14 years",2000,16.0709042715138,4659.801457
"Southeast Asia","15-19 years",2000,7.8466187604575,3401.180698
"Southeast Asia","20-24 years",2000,3.80021963827823,2886.297959
"South Asia","<5 years",1993,13.7704125783723,632505.6133
"South Asia","5-9 years",1993,27.0115923183961,80884.52751
"South Asia","10-14 years",1993,29.3623875960683,43541.76508
"South Asia","15-19 years",1993,17.3532538966835,28033.13844
"South Asia","20-24 years",1993,10.7078895833781,23139.23351
"South Asia","<5 years",2002,11.9817354908017,391805.2593
"South Asia","5-9 years",2002,28.7371572616233,64052.71984
"South Asia","10-14 years",2002,28.8533261674423,37956.33209
"South Asia","15-19 years",2002,15.7165596182417,26632.95752
"South Asia","20-24 years",2002,8.98480672202995,19750.11149
"East Asia","<5 years",2002,3.49465429154753,12966.65757
"East Asia","5-9 years",2002,1.21325873169264,611.1860337
"East Asia","10-14 years",2002,1.12379518713326,472.8840878
"East Asia","15-19 years",2002,0.630898464611981,338.7268624
"East Asia","20-24 years",2002,0.388808108753647,228.7674428
"Southern Sub-Saharan Africa","<5 years",2001,10.5499210033502,19567.32744
"Southern Sub-Saharan Africa","5-9 years",2001,8.94604559779531,884.2833448
"Southern Sub-Saharan Africa","10-14 years",2001,7.35498529137123,490.1313341
"Southern Sub-Saharan Africa","15-19 years",2001,2.91400996569308,433.0635135
"Southern Sub-Saharan Africa","20-24 years",2001,1.79121235232878,694.2629468
"South Asia","<5 years",2002,11.9817354908017,391805.2593
"South Asia","5-9 years",2002,28.7371572616233,64052.71984
"South Asia","10-14 years",2002,28.8533261674423,37956.33209
"South Asia","15-19 years",2002,15.7165596182417,26632.95752
"South Asia","20-24 years",2002,8.98480672202995,19750.11149
"Central Sub-Saharan Africa","<5 years",1993,15.9522559783544,64866.25578
"Central Sub-Saharan Africa","5-9 years",1993,10.4516658389333,2124.201311
"Central Sub-Saharan Africa","10-14 years",1993,8.41009748234398,928.5405914
"Central Sub-Saharan Africa","15-19 years",1993,6.09100624966402,857.6962781
"Central Sub-Saharan Africa","20-24 years",1993,4.41986139322714,809.8774667
"Western Sub-Saharan Africa","<5 years",2001,20.5139871000568,346046.7548
"Western Sub-Saharan Africa","5-9 years",2001,18.815244055145,13664.01297
"Western Sub-Saharan Africa","10-14 years",2001,17.4238457493985,5741.144053
"Western Sub-Saharan Africa","15-19 years",2001,11.0890076381647,4031.932443
"Western Sub-Saharan Africa","20-24 years",2001,7.88677435472868,3694.720712
"South Asia","<5 years",2001,12.2523427980743,413342.3669
"South Asia","5-9 years",2001,28.1119140578974,67385.05326
"South Asia","10-14 years",2001,27.9761709112549,40312.65205
"South Asia","15-19 years",2001,15.4983596932864,27688.36286
"South Asia","20-24 years",2001,8.9792192292073,20506.8653
"Western Sub-Saharan Africa","<5 years",2003,20.3965765202187,350636.8678
"Western Sub-Saharan Africa","5-9 years",2003,19.3873480442308,14972.84179
"Western Sub-Saharan Africa","10-14 years",2003,17.2919841848616,6163.432761
"Western Sub-Saharan Africa","15-19 years",2003,10.4946744772273,4174.564917
"Western Sub-Saharan Africa","20-24 years",2003,7.46371363001177,3803.981207
"Southern Sub-Saharan Africa","<5 years",1993,15.1256010444853,21748.39165
"Southern Sub-Saharan Africa","5-9 years",1993,11.4021526885339,949.6359897
"Southern Sub-Saharan Africa","10-14 years",1993,9.15611476594566,446.1282474
"Southern Sub-Saharan Africa","15-19 years",1993,3.86530937277226,372.8432104
"Southern Sub-Saharan Africa","20-24 years",1993,3.27821871778529,582.5233808
"East Asia","<5 years",1994,4.69392080434702,46153.53975
"East Asia","5-9 years",1994,1.80589026425678,1853.944267
"East Asia","10-14 years",1994,1.69967516132395,837.9253878
"East Asia","15-19 years",1994,0.890072326750258,585.007356
"East Asia","20-24 years",1994,0.527186851858139,576.0484261
"Central Asia","<5 years",2004,4.78078140603592,4080.579783
"Central Asia","5-9 years",2004,1.41927791005782,63.59948149
"Central Asia","10-14 years",2004,0.876716941934868,33.93839623
"Central Asia","15-19 years",2004,0.256656010374244,16.8362891
"Central Asia","20-24 years",2004,0.187943862064478,19.74414314
"East Asia","<5 years",1997,4.01588199639953,29430.10456
"East Asia","5-9 years",1997,1.44347453970959,1309.304526
"East Asia","10-14 years",1997,1.35948975241214,735.9651766
"East Asia","15-19 years",1997,0.781630688991118,424.0907056
"East Asia","20-24 years",1997,0.449748947824321,395.130952
"South Asia","<5 years",1995,13.5818150060124,588288.5982
"South Asia","5-9 years",1995,27.2670847945447,82976.58062
"South Asia","10-14 years",1995,29.3497961702195,45948.28655
"South Asia","15-19 years",1995,17.3623200476339,27954.01651
"South Asia","20-24 years",1995,10.2734680701682,22486.31715
"South Asia","<5 years",1999,12.7778785637149,470815.7625
"South Asia","5-9 years",1999,28.2464196741002,72402.92958
"South Asia","10-14 years",1999,28.8091967724455,41459.66576
"South Asia","15-19 years",1999,15.4684248467575,29066.51148
"South Asia","20-24 years",1999,9.13488940584421,21744.53046
"Western Sub-Saharan Africa","<5 years",2002,20.6593869848231,350774.613
"Western Sub-Saharan Africa","5-9 years",2002,19.2391484463618,14439.624
"Western Sub-Saharan Africa","10-14 years",2002,17.3285377867589,5975.655375
"Western Sub-Saharan Africa","15-19 years",2002,10.654713690815,4088.97889
"Western Sub-Saharan Africa","20-24 years",2002,7.5589223384975,3735.953647
"Central Sub-Saharan Africa","<5 years",2003,18.3428841573264,76405.26032
"Central Sub-Saharan Africa","5-9 years",2003,11.9332022416302,3089.857348
"Central Sub-Saharan Africa","10-14 years",2003,9.05030587869944,1435.286079
"Central Sub-Saharan Africa","15-19 years",2003,6.5260067256221,1337.120681
"Central Sub-Saharan Africa","20-24 years",2003,5.05318615966919,1270.390817
"Southern Sub-Saharan Africa","<5 years",2004,9.24748345470992,19878.4729
"Southern Sub-Saharan Africa","5-9 years",2004,7.11190816413571,879.3688847
"Southern Sub-Saharan Africa","10-14 years",2004,6.34260708673679,495.8696672
"Southern Sub-Saharan Africa","15-19 years",2004,3.00387395982125,481.0675313
"Southern Sub-Saharan Africa","20-24 years",2004,1.87982955978249,808.4721376
"Western Sub-Saharan Africa","<5 years",1993,23.1410525030029,316828.9028
"Western Sub-Saharan Africa","5-9 years",1993,18.5431203375459,11511.05482
"Western Sub-Saharan Africa","10-14 years",1993,18.5074202788639,4882.938333
"Western Sub-Saharan Africa","15-19 years",1993,12.3994646553177,3377.090238
"Western Sub-Saharan Africa","20-24 years",1993,9.42913463799531,3068.536982
"Eastern Sub-Saharan Africa","<5 years",2002,13.2331485529265,171208.3916
"Eastern Sub-Saharan Africa","5-9 years",2002,14.9110309952846,9319.779973
"Eastern Sub-Saharan Africa","10-14 years",2002,12.8208239032485,4684.587192
"Eastern Sub-Saharan Africa","15-19 years",2002,9.97941475349686,5426.458361
"Eastern Sub-Saharan Africa","20-24 years",2002,5.95312685268941,5167.507837
"Central Asia","<5 years",2005,4.24702883619399,3704.681599
"Central Asia","5-9 years",2005,1.37902363111954,55.81915776
"Central Asia","10-14 years",2005,0.834858680816385,30.73949589
"Central Asia","15-19 years",2005,0.246935602907278,15.7580861
"Central Asia","20-24 years",2005,0.179189417681862,18.70206055
"South Asia","<5 years",1999,12.7778785637149,470815.7625
"South Asia","5-9 years",1999,28.2464196741002,72402.92958
"South Asia","10-14 years",1999,28.8091967724455,41459.66576
"South Asia","15-19 years",1999,15.4684248467575,29066.51148
"South Asia","20-24 years",1999,9.13488940584421,21744.53046
"South Asia","<5 years",2003,11.7452726169107,369209.409
"South Asia","5-9 years",2003,29.0742698379628,60332.20214
"South Asia","10-14 years",2003,29.1906695128505,36209.88832
"South Asia","15-19 years",2003,15.4380717276943,25902.81134
"South Asia","20-24 years",2003,9.13104688087269,19435.85346
"South Asia","<5 years",2005,11.3828437843084,331686.039
"South Asia","5-9 years",2005,27.2518683671635,58094.8292
"South Asia","10-14 years",2005,26.2100649997517,35310.04878
"South Asia","15-19 years",2005,13.962419057658,25118.01791
"South Asia","20-24 years",2005,8.36708611921993,18620.0818
"South Asia","<5 years",2004,11.5636714578875,347799.4492
"South Asia","5-9 years",2004,28.3057628835206,59017.89948
"South Asia","10-14 years",2004,28.1079267314411,35946.58729
"South Asia","15-19 years",2004,14.7353619645512,25634.82226
"South Asia","20-24 years",2004,8.82520347523664,18843.42142
"East Asia","<5 years",2004,3.15793870240575,9392.58781
"East Asia","5-9 years",2004,1.25175294829249,486.9039571
"East Asia","10-14 years",2004,1.21418222371191,368.4095734
"East Asia","15-19 years",2004,0.532714974751288,319.468763
"East Asia","20-24 years",2004,0.342730728259775,208.6782685
"Southern Sub-Saharan Africa","<5 years",2005,9.21685843427497,20008.66425
"Southern Sub-Saharan Africa","5-9 years",2005,6.96816377964103,861.4248974
"Southern Sub-Saharan Africa","10-14 years",2005,6.14096501655103,497.3655989
"Southern Sub-Saharan Africa","15-19 years",2005,3.02731623642851,483.021034
"Southern Sub-Saharan Africa","20-24 years",2005,1.94007369209561,808.4720571
"Central Asia","<5 years",1995,11.9297562187942,12200.77192
"Central Asia","5-9 years",1995,2.50821484851032,163.3701378
"Central Asia","10-14 years",1995,1.53773231472103,68.47974577
"Central Asia","15-19 years",1995,0.44127275781582,32.50419699
"Central Asia","20-24 years",1995,0.371947866630842,42.57261195
"Southern Sub-Saharan Africa","<5 years",2002,10.0700814569311,19907.51338
"Southern Sub-Saharan Africa","5-9 years",2002,8.30681166468775,893.2962716
"Southern Sub-Saharan Africa","10-14 years",2002,7.09736422988007,499.708703
"Southern Sub-Saharan Africa","15-19 years",2002,2.9619897743054,458.370774
"Southern Sub-Saharan Africa","20-24 years",2002,1.7940228052751,737.0897505
"Southeast Asia","<5 years",2004,9.5587421832263,57389.68096
"Southeast Asia","5-9 years",2004,10.0896469284878,5581.451571
"Southeast Asia","10-14 years",2004,10.2861103066155,4000.156498
"Southeast Asia","15-19 years",2004,5.74953223203095,2837.421917
"Southeast Asia","20-24 years",2004,3.03888131526848,2470.082594
"Eastern Sub-Saharan Africa","<5 years",2003,12.9000848092285,164748.5844
"Eastern Sub-Saharan Africa","5-9 years",2003,15.0399509054621,9394.956784
"Eastern Sub-Saharan Africa","10-14 years",2003,12.54483571869,4672.985379
"Eastern Sub-Saharan Africa","15-19 years",2003,9.60355624615685,5381.554831
"Eastern Sub-Saharan Africa","20-24 years",2003,5.91263278297445,5140.05567
"Central Sub-Saharan Africa","<5 years",2004,18.0272820039627,74824.606
"Central Sub-Saharan Africa","5-9 years",2004,12.1892365992011,3157.742372
"Central Sub-Saharan Africa","10-14 years",2004,9.13076065050361,1462.568904
"Central Sub-Saharan Africa","15-19 years",2004,6.60522204540975,1368.988937
"Central Sub-Saharan Africa","20-24 years",2004,5.20802860547952,1307.669397
"Central Asia","<5 years",2006,3.99255990882668,3404.350794
"Central Asia","5-9 years",2006,1.40108087442694,47.91072874
"Central Asia","10-14 years",2006,0.831695770680797,26.44325868
"Central Asia","15-19 years",2006,0.245488634156624,14.10182327
"Central Asia","20-24 years",2006,0.179287678389771,16.97099425
"East Asia","<5 years",2005,2.84862349017342,7884.297398
"East Asia","5-9 years",2005,1.20468531593567,429.0181077
"East Asia","10-14 years",2005,1.21857727990394,316.3415814
"East Asia","15-19 years",2005,0.5127981842606,294.4617277
"East Asia","20-24 years",2005,0.329125031371108,202.0153505
"Central Sub-Saharan Africa","<5 years",2005,17.9612662905157,73155.81814
"Central Sub-Saharan Africa","5-9 years",2005,12.7022282672259,3288.95033
"Central Sub-Saharan Africa","10-14 years",2005,9.45084556112309,1521.7218
"Central Sub-Saharan Africa","15-19 years",2005,6.71772158400708,1408.011849
"Central Sub-Saharan Africa","20-24 years",2005,5.37175202954476,1350.769959
"Southeast Asia","<5 years",2005,9.72288999811978,53974.84396
"Southeast Asia","5-9 years",2005,13.0508217082463,5377.630915
"Southeast Asia","10-14 years",2005,15.2868408718264,3861.954896
"Southeast Asia","15-19 years",2005,7.52756069457403,2729.175614
"Southeast Asia","20-24 years",2005,3.73067421182174,2366.801996
"Central Asia","<5 years",1994,12.1745355924805,13162.41665
"Central Asia","5-9 years",1994,2.43095309205461,159.6646616
"Central Asia","10-14 years",1994,1.50531988243074,66.96006427
"Central Asia","15-19 years",1994,0.414751329350482,33.40368808
"Central Asia","20-24 years",1994,0.351952114706353,43.11307367
"South Asia","<5 years",2006,11.322174204456,315736.6071
"South Asia","5-9 years",2006,28.3475743235698,57030.15829
"South Asia","10-14 years",2006,27.8003308575218,34740.65121
"South Asia","15-19 years",2006,14.6158105608107,24066.36627
"South Asia","20-24 years",2006,8.49303348876155,18208.40305
"Eastern Sub-Saharan Africa","<5 years",2006,12.5810328875698,155429.5523
"Eastern Sub-Saharan Africa","5-9 years",2006,16.3356610953445,9779.155203
"Eastern Sub-Saharan Africa","10-14 years",2006,12.7477703329704,4738.881089
"Eastern Sub-Saharan Africa","15-19 years",2006,9.18763110942824,5248.485606
"Eastern Sub-Saharan Africa","20-24 years",2006,6.29560380625207,5007.867853
"South Asia","<5 years",1994,13.719006672265,607931.5598
"South Asia","5-9 years",1994,27.3389618938709,81570.16333
"South Asia","10-14 years",1994,29.4452746190652,44165.40789
"South Asia","15-19 years",1994,17.3676614358792,28321.14091
"South Asia","20-24 years",1994,10.4417351966593,22824.33832
"East Asia","<5 years",2006,2.49008130699256,6601.081239
"East Asia","5-9 years",2006,1.17269857008725,373.546942
"East Asia","10-14 years",2006,1.21882799467947,268.0939613
"East Asia","15-19 years",2006,0.504592966202098,260.1677227
"East Asia","20-24 years",2006,0.313135339033107,197.823425
"South Asia","<5 years",2008,11.2377487057001,287121.7748
"South Asia","5-9 years",2008,29.1392262586593,51757.28712
"South Asia","10-14 years",2008,28.3432966216105,31922.96221
"South Asia","15-19 years",2008,14.724031595542,22525.02006
"South Asia","20-24 years",2008,8.33063764859465,17553.51732
"Southeast Asia","<5 years",2006,9.45137962274767,50104.78119
"Southeast Asia","5-9 years",2006,12.7906981798701,5127.736581
"Southeast Asia","10-14 years",2006,14.7791562717034,3711.897083
"Southeast Asia","15-19 years",2006,7.24134536743832,2609.393194
"Southeast Asia","20-24 years",2006,3.59969161219289,2256.242304
"Southeast Asia","<5 years",2002,10.6002093593623,67007.09489
"Southeast Asia","5-9 years",2002,13.2123731984752,6137.105527
"Southeast Asia","10-14 years",2002,15.8861351194915,4300.515931
"Southeast Asia","15-19 years",2002,7.83446260713812,3080.847711
"Southeast Asia","20-24 years",2002,3.8259676783881,2665.792481
"Eastern Sub-Saharan Africa","<5 years",2005,12.5495201827075,157205.0484
"Eastern Sub-Saharan Africa","5-9 years",2005,15.6051796337579,9667.956689
"Eastern Sub-Saharan Africa","10-14 years",2005,12.4109905217567,4713.326256
"Eastern Sub-Saharan Africa","15-19 years",2005,9.102532050467,5301.680544
"Eastern Sub-Saharan Africa","20-24 years",2005,6.00597359401243,5058.9481
"Western Sub-Saharan Africa","<5 years",2006,20.898599657761,360069.6762
"Western Sub-Saharan Africa","5-9 years",2006,21.3682754307144,17299.07858
"Western Sub-Saharan Africa","10-14 years",2006,17.6866336456523,6767.804905
"Western Sub-Saharan Africa","15-19 years",2006,9.88669723700175,4331.923247
"Western Sub-Saharan Africa","20-24 years",2006,7.16935925359555,3916.621628
"Eastern Sub-Saharan Africa","<5 years",2008,12.3247391283927,147325.8164
"Eastern Sub-Saharan Africa","5-9 years",2008,17.275702711975,9802.020609
"Eastern Sub-Saharan Africa","10-14 years",2008,13.0110679324979,4762.645266
"Eastern Sub-Saharan Africa","15-19 years",2008,9.07741576265618,5185.415086
"Eastern Sub-Saharan Africa","20-24 years",2008,6.55362357956802,4928.440566
"Central Sub-Saharan Africa","<5 years",2002,18.6306620124616,76622.62332
"Central Sub-Saharan Africa","5-9 years",2002,11.3580675590754,2952.193329
"Central Sub-Saharan Africa","10-14 years",2002,8.66632298635952,1354.676183
"Central Sub-Saharan Africa","15-19 years",2002,6.2472700780719,1259.226826
"Central Sub-Saharan Africa","20-24 years",2002,4.76145814437743,1197.610172
"South Asia","<5 years",2005,11.3828437843084,331686.039
"South Asia","5-9 years",2005,27.2518683671635,58094.8292
"South Asia","10-14 years",2005,26.2100649997517,35310.04878
"South Asia","15-19 years",2005,13.962419057658,25118.01791
"South Asia","20-24 years",2005,8.36708611921993,18620.0818
"Central Sub-Saharan Africa","<5 years",1994,17.1049405293863,69703.27208
"Central Sub-Saharan Africa","5-9 years",1994,11.2066207929612,2262.79903
"Central Sub-Saharan Africa","10-14 years",1994,8.98679381534858,970.5974853
"Central Sub-Saharan Africa","15-19 years",1994,6.80226388627941,884.1812211
"Central Sub-Saharan Africa","20-24 years",1994,4.94953119656467,832.2539216
"Eastern Sub-Saharan Africa","<5 years",1994,14.3548349453409,218658.1861
"Eastern Sub-Saharan Africa","5-9 years",1994,11.9060470772062,9717.240616
"Eastern Sub-Saharan Africa","10-14 years",1994,10.0844034600553,5031.718194
"Eastern Sub-Saharan Africa","15-19 years",1994,7.19573713736896,5494.176768
"Eastern Sub-Saharan Africa","20-24 years",1994,4.55924565657142,4860.473793
"Central Sub-Saharan Africa","<5 years",2006,18.180572815852,73059.265
"Central Sub-Saharan Africa","5-9 years",2006,13.2051402302262,3343.170883
"Central Sub-Saharan Africa","10-14 years",2006,9.67338077173608,1534.396557
"Central Sub-Saharan Africa","15-19 years",2006,6.75195456342473,1405.743093
"Central Sub-Saharan Africa","20-24 years",2006,5.46425450158056,1358.188427
"Central Asia","<5 years",1999,9.45432463785951,7375.515717
"Central Asia","5-9 years",1999,2.09676794742859,117.6025093
"Central Asia","10-14 years",1999,1.30183924290719,54.88378007
"Central Asia","15-19 years",1999,0.382308000567957,24.15150911
"Central Asia","20-24 years",1999,0.299735625487043,30.04941058
"East Asia","<5 years",2007,2.18831928465607,5455.66118
"East Asia","5-9 years",2007,1.11855510757449,334.2351089
"East Asia","10-14 years",2007,1.19444534084707,233.2625444
"East Asia","15-19 years",2007,0.496270506759176,230.0020503
"East Asia","20-24 years",2007,0.293729953975406,197.3536904
"Southern Sub-Saharan Africa","<5 years",1997,13.0417586184052,19172.05329
"Southern Sub-Saharan Africa","5-9 years",1997,10.6394810566782,829.0635301
"Southern Sub-Saharan Africa","10-14 years",1997,7.97334605893739,447.5216242
"Southern Sub-Saharan Africa","15-19 years",1997,2.84490247144684,347.1236779
"Southern Sub-Saharan Africa","20-24 years",1997,1.97947890099108,560.7543152
"South Asia","<5 years",2008,11.2377487057001,287121.7748
"South Asia","5-9 years",2008,29.1392262586593,51757.28712
"South Asia","10-14 years",2008,28.3432966216105,31922.96221
"South Asia","15-19 years",2008,14.724031595542,22525.02006
"South Asia","20-24 years",2008,8.33063764859465,17553.51732
"Southeast Asia","<5 years",2007,9.19481498224647,46788.93234
"Southeast Asia","5-9 years",2007,12.9106209850429,4926.39403
"Southeast Asia","10-14 years",2007,14.9769004541033,3579.291613
"Southeast Asia","15-19 years",2007,7.21302760131321,2516.139989
"Southeast Asia","20-24 years",2007,3.57751678906315,2161.501899
"Southeast Asia","<5 years",2009,8.66400148496781,40726.06872
"Southeast Asia","5-9 years",2009,12.7479896832494,4635.404785
"Southeast Asia","10-14 years",2009,14.4503597109811,3338.033257
"Southeast Asia","15-19 years",2009,6.80926742654925,2328.058029
"Southeast Asia","20-24 years",2009,3.38023657729824,1995.601524
"Western Sub-Saharan Africa","<5 years",1996,21.6219568551682,330289.3266
"Western Sub-Saharan Africa","5-9 years",1996,18.5062267099157,12182.17399
"Western Sub-Saharan Africa","10-14 years",1996,17.8394407413845,5192.690606
"Western Sub-Saharan Africa","15-19 years",1996,11.8807012559538,3623.893099
"Western Sub-Saharan Africa","20-24 years",1996,8.79129122169273,3285.773709
"Southern Sub-Saharan Africa","<5 years",2007,9.43203248028106,19086.24452
"Southern Sub-Saharan Africa","5-9 years",2007,6.88103833324706,756.2498688
"Southern Sub-Saharan Africa","10-14 years",2007,5.65493807559702,460.6372079
"Southern Sub-Saharan Africa","15-19 years",2007,2.99766064625697,459.4525143
"Southern Sub-Saharan Africa","20-24 years",2007,2.05255976906768,778.382605
"South Asia","<5 years",2007,11.2095213241697,300692.7916
"South Asia","5-9 years",2007,28.6228183887634,54600.66254
"South Asia","10-14 years",2007,27.8081787313641,33124.44207
"South Asia","15-19 years",2007,14.7855208732299,23433.65797
"South Asia","20-24 years",2007,8.41552987367082,18048.48009
"Central Asia","<5 years",2008,3.52972220545089,3144.922558
"Central Asia","5-9 years",2008,1.34858336796112,39.8196197
"Central Asia","10-14 years",2008,0.817704451082202,22.16310024
"Central Asia","15-19 years",2008,0.231085389155337,12.67051924
"Central Asia","20-24 years",2008,0.173716851420654,15.77871051
"Central Sub-Saharan Africa","<5 years",2008,18.0453451112601,65933.92751
"Central Sub-Saharan Africa","5-9 years",2008,13.4951329891659,3220.295531
"Central Sub-Saharan Africa","10-14 years",2008,9.60678472847295,1466.457775
"Central Sub-Saharan Africa","15-19 years",2008,6.51697612169447,1336.087014
"Central Sub-Saharan Africa","20-24 years",2008,5.39564071704408,1313.833759
"Southeast Asia","<5 years",2008,8.7476646822077,43928.88738
"Southeast Asia","5-9 years",2008,10.2810545896531,4794.302608
"Southeast Asia","10-14 years",2008,10.5391396949206,3461.728762
"Southeast Asia","15-19 years",2008,5.69316757430165,2418.445641
"Southeast Asia","20-24 years",2008,2.98018821658325,2073.23644
"South Asia","<5 years",2006,11.322174204456,315736.6071
"South Asia","5-9 years",2006,28.3475743235698,57030.15829
"South Asia","10-14 years",2006,27.8003308575218,34740.65121
"South Asia","15-19 years",2006,14.6158105608107,24066.36627
"South Asia","20-24 years",2006,8.49303348876155,18208.40305
"Central Sub-Saharan Africa","<5 years",2007,18.108837547895,69652.68025
"Central Sub-Saharan Africa","5-9 years",2007,13.3961097461113,3290.262357
"Central Sub-Saharan Africa","10-14 years",2007,9.66119065199462,1499.218032
"Central Sub-Saharan Africa","15-19 years",2007,6.66307216745837,1369.280787
"Central Sub-Saharan Africa","20-24 years",2007,5.46713575161237,1334.40036
"East Asia","<5 years",2008,1.90761348890552,4536.495202
"East Asia","5-9 years",2008,0.962022567637734,326.1718302
"East Asia","10-14 years",2008,0.979287517290027,217.8455696
"East Asia","15-19 years",2008,0.44593608555796,204.7965529
"East Asia","20-24 years",2008,0.256206493621787,196.2948968
"Western Sub-Saharan Africa","<5 years",1997,21.2926532001379,329425.207
"Western Sub-Saharan Africa","5-9 years",1997,18.536938102498,12295.05052
"Western Sub-Saharan Africa","10-14 years",1997,17.7810987183474,5251.613834
"Western Sub-Saharan Africa","15-19 years",1997,11.6730801170387,3681.723123
"Western Sub-Saharan Africa","20-24 years",1997,8.47618589519644,3343.281462
"Southern Sub-Saharan Africa","<5 years",2008,10.9327171098973,20466.72058
"Southern Sub-Saharan Africa","5-9 years",2008,7.576439980658,799.4168421
"Southern Sub-Saharan Africa","10-14 years",2008,5.88821710298393,483.6882785
"Southern Sub-Saharan Africa","15-19 years",2008,3.11047640046928,471.8872985
"Southern Sub-Saharan Africa","20-24 years",2008,2.15560285980988,777.3762108
"Southern Sub-Saharan Africa","<5 years",2006,9.53261178142853,20123.55065
"Southern Sub-Saharan Africa","5-9 years",2006,7.1173873415611,833.2229418
"Southern Sub-Saharan Africa","10-14 years",2006,5.98721285140899,496.7971968
"Southern Sub-Saharan Africa","15-19 years",2006,3.05674398501304,483.2899933
"Southern Sub-Saharan Africa","20-24 years",2006,2.01791310506737,810.5093897
"Central Asia","<5 years",2007,3.73671210565476,3234.484029
"Central Asia","5-9 years",2007,1.37201256065449,43.37062524
"Central Asia","10-14 years",2007,0.814880980181879,24.03724447
"Central Asia","15-19 years",2007,0.235350302062083,13.25871823
"Central Asia","20-24 years",2007,0.174466922466569,16.41494061
"Eastern Sub-Saharan Africa","<5 years",2007,12.5572438772458,152702.1938
"Eastern Sub-Saharan Africa","5-9 years",2007,17.0112646173792,9892.879202
"Eastern Sub-Saharan Africa","10-14 years",2007,12.9672938960412,4777.244524
"Eastern Sub-Saharan Africa","15-19 years",2007,9.16635269098752,5241.667561
"Eastern Sub-Saharan Africa","20-24 years",2007,6.47100368734771,4993.814832
"South Asia","<5 years",2007,11.2095213241697,300692.7916
"South Asia","5-9 years",2007,28.6228183887634,54600.66254
"South Asia","10-14 years",2007,27.8081787313641,33124.44207
"South Asia","15-19 years",2007,14.7855208732299,23433.65797
"South Asia","20-24 years",2007,8.41552987367082,18048.48009
"Central Asia","<5 years",2009,3.3595318240428,2990.387041
"Central Asia","5-9 years",2009,1.34057787624523,37.15554665
"Central Asia","10-14 years",2009,0.824849501742126,19.74800408
"Central Asia","15-19 years",2009,0.234418841405887,11.4603956
"Central Asia","20-24 years",2009,0.177316992315226,14.57844909
"Western Sub-Saharan Africa","<5 years",2005,20.4333411260854,356658.2408
"Western Sub-Saharan Africa","5-9 years",2005,20.4301804096238,16619.52471
"Western Sub-Saharan Africa","10-14 years",2005,17.6612262967327,6717.416357
"Western Sub-Saharan Africa","15-19 years",2005,10.2666212462977,4415.794599
"Western Sub-Saharan Africa","20-24 years",2005,7.36237482993836,3996.200855
"East Asia","<5 years",2003,3.42175531483285,11018.23134
"East Asia","5-9 years",2003,1.25173056709874,543.5446436
"East Asia","10-14 years",2003,1.17253198532777,420.4940141
"East Asia","15-19 years",2003,0.58432584955701,333.4083295
"East Asia","20-24 years",2003,0.366585852343242,219.0201403
"Western Sub-Saharan Africa","<5 years",2008,20.367812044262,344152.2854
"Western Sub-Saharan Africa","5-9 years",2008,21.6171292866784,17380.27682
"Western Sub-Saharan Africa","10-14 years",2008,17.2984210499093,6605.058827
"Western Sub-Saharan Africa","15-19 years",2008,9.38725175041558,4136.924677
"Western Sub-Saharan Africa","20-24 years",2008,7.04244182475538,3752.202708
"Central Sub-Saharan Africa","<5 years",2009,18.1263985042304,62720.13774
"Central Sub-Saharan Africa","5-9 years",2009,13.6380284113632,3156.973129
"Central Sub-Saharan Africa","10-14 years",2009,9.56299542472746,1438.096933
"Central Sub-Saharan Africa","15-19 years",2009,6.40356742473496,1305.372478
"Central Sub-Saharan Africa","20-24 years",2009,5.32786122324356,1290.684967
"Southern Sub-Saharan Africa","<5 years",2009,11.5467001657648,19254.85684
"Southern Sub-Saharan Africa","5-9 years",2009,7.67710281188856,776.7053788
"Southern Sub-Saharan Africa","10-14 years",2009,5.69814443933769,478.3962996
"Southern Sub-Saharan Africa","15-19 years",2009,3.13426948156129,465.1415476
"Southern Sub-Saharan Africa","20-24 years",2009,2.25835083959088,754.2348541
"Eastern Sub-Saharan Africa","<5 years",2009,12.0930624086792,142496.1423
"Eastern Sub-Saharan Africa","5-9 years",2009,17.5651938164251,9777.830358
"Eastern Sub-Saharan Africa","10-14 years",2009,13.0040368562869,4747.928415
"Eastern Sub-Saharan Africa","15-19 years",2009,8.92367766101175,5135.994435
"Eastern Sub-Saharan Africa","20-24 years",2009,6.54380238235286,4871.807943
"South Asia","<5 years",2009,11.1413825045331,271723.4591
"South Asia","5-9 years",2009,29.7447338663523,48138.56276
"South Asia","10-14 years",2009,27.845951460296,30618.55418
"South Asia","15-19 years",2009,14.6106063657573,21749.24387
"South Asia","20-24 years",2009,8.22992027618462,16874.29733
"Southern Sub-Saharan Africa","<5 years",2000,11.2514876534354,19401.95883
"Southern Sub-Saharan Africa","5-9 years",2000,9.59480229531156,877.8216309
"Southern Sub-Saharan Africa","10-14 years",2000,7.61663842739695,486.5200229
"Southern Sub-Saharan Africa","15-19 years",2000,2.88077419629908,410.3706174
"Southern Sub-Saharan Africa","20-24 years",2000,1.82979457717244,664.1872703
"South Asia","<5 years",2001,12.2523427980743,413342.3669
"South Asia","5-9 years",2001,28.1119140578974,67385.05326
"South Asia","10-14 years",2001,27.9761709112549,40312.65205
"South Asia","15-19 years",2001,15.4983596932864,27688.36286
"South Asia","20-24 years",2001,8.9792192292073,20506.8653
"Southeast Asia","<5 years",1997,12.3932722872607,97136.66695
"Southeast Asia","5-9 years",1997,13.3488765612998,7686.420296
"Southeast Asia","10-14 years",1997,16.4191895794774,5327.447683
"Southeast Asia","15-19 years",1997,8.05059837810747,3884.368807
"Southeast Asia","20-24 years",1997,3.90134820396907,3206.060203
"Western Sub-Saharan Africa","<5 years",2009,20.1036488831258,337432.3663
"Western Sub-Saharan Africa","5-9 years",2009,21.713591863158,17509.54707
"Western Sub-Saharan Africa","10-14 years",2009,17.0998126569814,6560.642568
"Western Sub-Saharan Africa","15-19 years",2009,9.23334634288032,4079.885986
"Western Sub-Saharan Africa","20-24 years",2009,7.04945045658037,3694.250661
"South Asia","<5 years",2009,11.1413825045331,271723.4591
"South Asia","5-9 years",2009,29.7447338663523,48138.56276
"South Asia","10-14 years",2009,27.845951460296,30618.55418
"South Asia","15-19 years",2009,14.6106063657573,21749.24387
"South Asia","20-24 years",2009,8.22992027618462,16874.29733
"Eastern Sub-Saharan Africa","<5 years",2004,12.6370144295995,160554.844
"Eastern Sub-Saharan Africa","5-9 years",2004,15.2607582451194,9553.038894
"Eastern Sub-Saharan Africa","10-14 years",2004,12.4043372939411,4701.598111
"Eastern Sub-Saharan Africa","15-19 years",2004,9.33111734780846,5367.136879
"Eastern Sub-Saharan Africa","20-24 years",2004,5.94036006602408,5124.547781
"Southeast Asia","<5 years",2003,10.2305537670049,61834.3984
"Southeast Asia","5-9 years",2003,13.1505059368163,5859.365818
"Southeast Asia","10-14 years",2003,15.7201103473328,4148.400611
"Southeast Asia","15-19 years",2003,7.67436122346591,2944.30952
"Southeast Asia","20-24 years",2003,3.77246794360004,2559.673841
"Central Asia","<5 years",2001,7.53552726223226,5684.760183
"Central Asia","5-9 years",2001,1.75524881196381,94.18228225
"Central Asia","10-14 years",2001,1.08208090948374,45.90718049
"Central Asia","15-19 years",2001,0.322404034409187,21.49406468
"Central Asia","20-24 years",2001,0.245671985249864,25.62700153
"South Asia","<5 years",1997,13.2599193809936,537119.1375
"South Asia","5-9 years",1997,27.2199420642407,78806.35391
"South Asia","10-14 years",1997,29.4810346072992,43350.86796
"South Asia","15-19 years",1997,16.5368034111942,28547.65624
"South Asia","20-24 years",1997,9.62144216437646,22168.3308
"Southern Sub-Saharan Africa","<5 years",2003,9.50230493789404,19840.37855
"Southern Sub-Saharan Africa","5-9 years",2003,7.62347608724611,890.3799888
"Southern Sub-Saharan Africa","10-14 years",2003,6.72598794974062,501.1861919
"Southern Sub-Saharan Africa","15-19 years",2003,2.98325018873204,473.1317805
"Southern Sub-Saharan Africa","20-24 years",2003,1.82637453948974,777.1147015
"Eastern Sub-Saharan Africa","<5 years",2001,13.7175880398952,180102.8723
"Eastern Sub-Saharan Africa","5-9 years",2001,15.0814733084267,9372.891175
"Eastern Sub-Saharan Africa","10-14 years",2001,13.2698919972974,4750.080681
"Eastern Sub-Saharan Africa","15-19 years",2001,10.4040262111049,5534.598346
"Eastern Sub-Saharan Africa","20-24 years",2001,6.03474693168718,5235.013798
"Eastern Sub-Saharan Africa","<5 years",1996,15.1284565535772,200785.667
"Eastern Sub-Saharan Africa","5-9 years",1996,16.8580033764089,9414.183261
"Eastern Sub-Saharan Africa","10-14 years",1996,16.1313336972267,4947.085159
"Eastern Sub-Saharan Africa","15-19 years",1996,12.1563873740499,5649.976108
"Eastern Sub-Saharan Africa","20-24 years",1996,6.58166117462563,5048.817155
"East Asia","<5 years",2009,1.74132505085925,3790.462798
"East Asia","5-9 years",2009,0.968163932913899,321.32751
"East Asia","10-14 years",2009,1.017679317263,217.4422353
"East Asia","15-19 years",2009,0.490242862575372,181.5011748
"East Asia","20-24 years",2009,0.262842821731006,192.591521
"Central Asia","<5 years",1997,10.9496625988582,9781.217109
"Central Asia","5-9 years",1997,2.39984275205248,145.172428
"Central Asia","10-14 years",1997,1.4876759170872,64.22063201
"Central Asia","15-19 years",1997,0.441336450708378,29.68957833
"Central Asia","20-24 years",1997,0.367319042128986,39.37916564
"South Asia","<5 years",1996,13.4614137945353,562641.6707
"South Asia","5-9 years",1996,27.2580823923234,81232.61681
"South Asia","10-14 years",1996,29.3292956673538,45419.91111
"South Asia","15-19 years",1996,17.0901275356076,28148.99283
"South Asia","20-24 years",1996,10.0233195406058,22206.40533
"Central Asia","<5 years",2002,6.46326891349364,5019.108689
"Central Asia","5-9 years",2002,1.62830793927022,83.82264626
"Central Asia","10-14 years",2002,0.994122001732559,42.01200385
"Central Asia","15-19 years",2002,0.295958733583981,20.02779748
"Central Asia","20-24 years",2002,0.225447836393524,23.27646688
"Western Sub-Saharan Africa","<5 years",2004,20.3708982276238,353324.1174
"Western Sub-Saharan Africa","5-9 years",2004,19.9176236265841,15731.14861
"Western Sub-Saharan Africa","10-14 years",2004,17.5208414337381,6425.527901
"Western Sub-Saharan Africa","15-19 years",2004,10.378920523825,4288.81597
"Western Sub-Saharan Africa","20-24 years",2004,7.39607538175352,3891.887836
"South Asia","<5 years",1997,13.2599193809936,537119.1375
"South Asia","5-9 years",1997,27.2199420642407,78806.35391
"South Asia","10-14 years",1997,29.4810346072992,43350.86796
"South Asia","15-19 years",1997,16.5368034111942,28547.65624
"South Asia","20-24 years",1997,9.62144216437646,22168.3308
"Central Sub-Saharan Africa","<5 years",2000,19.6295809405442,76185.39823
"Central Sub-Saharan Africa","5-9 years",2000,11.2848484747961,2768.407223
"Central Sub-Saharan Africa","10-14 years",2000,8.66909566357896,1241.849442
"Central Sub-Saharan Africa","15-19 years",2000,6.4355209121658,1138.624663
"Central Sub-Saharan Africa","20-24 years",2000,4.80161395736791,1083.929908
"Central Asia","<5 years",2003,5.53688299697035,4474.152845
"Central Asia","5-9 years",2003,1.52962408019772,73.29017742
"Central Asia","10-14 years",2003,0.939464451839421,37.89279261
"Central Asia","15-19 years",2003,0.275086408373204,18.41152647
"Central Asia","20-24 years",2003,0.206397508668808,21.28621718
"Southern Sub-Saharan Africa","<5 years",1996,13.5182948348061,19484.88004
"Southern Sub-Saharan Africa","5-9 years",1996,10.6221325042621,838.5306391
"Southern Sub-Saharan Africa","10-14 years",1996,8.17028120125985,440.8082313
"Southern Sub-Saharan Africa","15-19 years",1996,3.00069518499141,345.4626775
"Southern Sub-Saharan Africa","20-24 years",1996,2.20054699912839,550.5045351
"South Asia","<5 years",2004,11.5636714578875,347799.4492
"South Asia","5-9 years",2004,28.3057628835206,59017.89948
"South Asia","10-14 years",2004,28.1079267314411,35946.58729
"South Asia","15-19 years",2004,14.7353619645512,25634.82226
"South Asia","20-24 years",2004,8.82520347523664,18843.42142
"South Asia","<5 years",1996,13.4614137945353,562641.6707
"South Asia","5-9 years",1996,27.2580823923234,81232.61681
"South Asia","10-14 years",1996,29.3292956673538,45419.91111
"South Asia","15-19 years",1996,17.0901275356076,28148.99283
"South Asia","20-24 years",1996,10.0233195406058,22206.40533
"South Asia","<5 years",2003,11.7452726169107,369209.409
"South Asia","5-9 years",2003,29.0742698379628,60332.20214
"South Asia","10-14 years",2003,29.1906695128505,36209.88832
"South Asia","15-19 years",2003,15.4380717276943,25902.81134
"South Asia","20-24 years",2003,9.13104688087269,19435.85346
"Western Sub-Saharan Africa","<5 years",2007,20.8012338870091,356099.5774
"Western Sub-Saharan Africa","5-9 years",2007,21.6854741347742,17488.68352
"Western Sub-Saharan Africa","10-14 years",2007,17.577204947737,6718.666306
"Western Sub-Saharan Africa","15-19 years",2007,9.74733955821738,4289.209505
"Western Sub-Saharan Africa","20-24 years",2007,7.18269190560247,3887.161841
"Western Sub-Saharan Africa","<5 years",1999,20.7675555507051,336031.3872
"Western Sub-Saharan Africa","5-9 years",1999,18.5357962306878,12805.96025
"Western Sub-Saharan Africa","10-14 years",1999,17.4687770175248,5445.601614
"Western Sub-Saharan Africa","15-19 years",1999,11.2849532853193,3828.306957
"Western Sub-Saharan Africa","20-24 years",1999,8.05788018854934,3490.63573
"Southern Sub-Saharan Africa","<5 years",2011,9.92059526471587,15974.97273
"Southern Sub-Saharan Africa","5-9 years",2011,7.23739901673799,731.8999316
"Southern Sub-Saharan Africa","10-14 years",2011,5.15296399469157,429.3498473
"Southern Sub-Saharan Africa","15-19 years",2011,3.04572705249854,421.6635527
"Southern Sub-Saharan Africa","20-24 years",2011,2.3534568408876,659.628715
"East Asia","<5 years",2010,1.58812556618478,3108.713848
"East Asia","5-9 years",2010,0.967291428399669,305.7060704
"East Asia","10-14 years",2010,0.961633275376587,208.1096579
"East Asia","15-19 years",2010,0.483482635848154,162.3457692
"East Asia","20-24 years",2010,0.25021735878086,184.7223395
"Central Asia","<5 years",2012,2.99189841692035,2568.653378
"Central Asia","5-9 years",2012,1.24131063083911,35.94408628
"Central Asia","10-14 years",2012,0.797337805993,16.14905085
"Central Asia","15-19 years",2012,0.222426786197067,9.214678189
"Central Asia","20-24 years",2012,0.176781238758598,12.79783995
"South Asia","<5 years",2012,10.3244493595319,215957.349
"South Asia","5-9 years",2012,30.0462199536616,41564.21127
"South Asia","10-14 years",2012,27.6133283093069,25319.35366
"South Asia","15-19 years",2012,14.5897832126513,18914.76959
"South Asia","20-24 years",2012,7.97482165502347,14742.14533
"South Asia","<5 years",2012,10.3244493595319,215957.349
"South Asia","5-9 years",2012,30.0462199536616,41564.21127
"South Asia","10-14 years",2012,27.6133283093069,25319.35366
"South Asia","15-19 years",2012,14.5897832126513,18914.76959
"South Asia","20-24 years",2012,7.97482165502347,14742.14533
"East Asia","<5 years",2011,1.45740500816257,2596.686132
"East Asia","5-9 years",2011,0.98274621171883,288.8073419
"East Asia","10-14 years",2011,0.990596059284223,191.2703644
"East Asia","15-19 years",2011,0.493926808133745,145.9277673
"East Asia","20-24 years",2011,0.258409454441097,169.912655
"Central Sub-Saharan Africa","<5 years",2010,18.1238600456861,59011.19562
"Central Sub-Saharan Africa","5-9 years",2010,13.9774493178881,3074.332601
"Central Sub-Saharan Africa","10-14 years",2010,9.81081394674228,1405.934469
"Central Sub-Saharan Africa","15-19 years",2010,6.6019068561358,1275.025025
"Central Sub-Saharan Africa","20-24 years",2010,5.57833274476811,1264.994997
"Southeast Asia","<5 years",2010,8.2776043119732,37569.74848
"Southeast Asia","5-9 years",2010,12.6772478429391,4443.880306
"Southeast Asia","10-14 years",2010,14.4713585720907,3205.20346
"Southeast Asia","15-19 years",2010,6.74591711368687,2241.36272
"Southeast Asia","20-24 years",2010,3.34578948783744,1928.627086
"Western Sub-Saharan Africa","<5 years",2011,19.2474505977681,315632.2326
"Western Sub-Saharan Africa","5-9 years",2011,21.238712703619,17013.6948
"Western Sub-Saharan Africa","10-14 years",2011,16.5234109023367,6303.058654
"Western Sub-Saharan Africa","15-19 years",2011,8.7737435348432,3927.704339
"Western Sub-Saharan Africa","20-24 years",2011,6.86226068550401,3547.024424
"Western Sub-Saharan Africa","<5 years",2010,19.8903527561014,332642.3491
"Western Sub-Saharan Africa","5-9 years",2010,21.8204085686612,17663.66578
"Western Sub-Saharan Africa","10-14 years",2010,17.0270282426588,6562.899287
"Western Sub-Saharan Africa","15-19 years",2010,9.07434278104114,4063.670363
"Western Sub-Saharan Africa","20-24 years",2010,7.03190872126258,3675.193295
"Southeast Asia","<5 years",2011,7.95546918946643,34669.60932
"Southeast Asia","5-9 years",2011,12.6222477730187,4271.978889
"Southeast Asia","10-14 years",2011,14.2995093840742,3069.090082
"Southeast Asia","15-19 years",2011,6.6850319153324,2167.954237
"Southeast Asia","20-24 years",2011,3.31267765767776,1870.812984
"Southern Sub-Saharan Africa","<5 years",2012,9.69377872226315,15071.8888
"Southern Sub-Saharan Africa","5-9 years",2012,7.08501004184603,709.9559501
"Southern Sub-Saharan Africa","10-14 years",2012,4.98744001603876,409.569788
"Southern Sub-Saharan Africa","15-19 years",2012,2.9882717146347,400.7322239
"Southern Sub-Saharan Africa","20-24 years",2012,2.4087364698232,616.2776442
"Eastern Sub-Saharan Africa","<5 years",2012,11.7591875970523,124152.7827
"Eastern Sub-Saharan Africa","5-9 years",2012,18.3494278671686,9338.026824
"Eastern Sub-Saharan Africa","10-14 years",2012,13.5115008383949,4617.664022
"Eastern Sub-Saharan Africa","15-19 years",2012,8.80561609124174,5009.942654
"Eastern Sub-Saharan Africa","20-24 years",2012,6.67041628467948,4715.15831
"Eastern Sub-Saharan Africa","<5 years",2013,11.687275963823,116684.7004
"Eastern Sub-Saharan Africa","5-9 years",2013,18.54988370836,9221.833783
"Eastern Sub-Saharan Africa","10-14 years",2013,13.6063788190998,4586.900539
"Eastern Sub-Saharan Africa","15-19 years",2013,8.87872658444856,4996.350983
"Eastern Sub-Saharan Africa","20-24 years",2013,6.73935165918463,4698.25222
"East Asia","<5 years",2012,1.35936810402475,2309.312151
"East Asia","5-9 years",2012,0.978778761041013,281.536929
"East Asia","10-14 years",2012,1.01665986155058,175.3937403
"East Asia","15-19 years",2012,0.504270780076906,133.2036193
"East Asia","20-24 years",2012,0.272307779863037,151.8427112
"South Asia","<5 years",2013,9.73990271610416,202470.3966
"South Asia","5-9 years",2013,31.2063341718132,39910.46439
"South Asia","10-14 years",2013,28.5401065349736,25287.64822
"South Asia","15-19 years",2013,14.5728945416934,18041.32436
"South Asia","20-24 years",2013,8.03982395745851,14103.50959
"Central Asia","<5 years",2013,2.90843271356875,2451.529989
"Central Asia","5-9 years",2013,1.23753581707793,36.36872905
"Central Asia","10-14 years",2013,0.783659926030468,15.49078
"Central Asia","15-19 years",2013,0.219633282120262,8.468209508
"Central Asia","20-24 years",2013,0.178450261851427,11.95138318
"Western Sub-Saharan Africa","<5 years",2015,18.0595764405305,262515.8208
"Western Sub-Saharan Africa","5-9 years",2015,22.3106885632566,15984.22156
"Western Sub-Saharan Africa","10-14 years",2015,16.4304610573653,5888.804057
"Western Sub-Saharan Africa","15-19 years",2015,8.68778143296441,3648.989664
"Western Sub-Saharan Africa","20-24 years",2015,6.94991962710465,3267.115587
"Southeast Asia","<5 years",2012,7.81050364583306,31914.75554
"Southeast Asia","5-9 years",2012,12.426395145337,4064.719155
"Southeast Asia","10-14 years",2012,13.9769348139588,2912.117934
"Southeast Asia","15-19 years",2012,6.50628778666994,2066.54641
"Southeast Asia","20-24 years",2012,3.22384030041847,1792.623031
"East Asia","<5 years",2014,1.28567311169698,1966.950684
"East Asia","5-9 years",2014,1.02672919326601,269.7692656
"East Asia","10-14 years",2014,1.02922438706141,157.2705766
"East Asia","15-19 years",2014,0.508080888627809,115.0100235
"East Asia","20-24 years",2014,0.262253309188628,129.6212464
"Central Sub-Saharan Africa","<5 years",2012,17.6582183081123,48255.41194
"Central Sub-Saharan Africa","5-9 years",2012,13.7194422206678,2592.579958
"Central Sub-Saharan Africa","10-14 years",2012,9.37223391089151,1184.022382
"Central Sub-Saharan Africa","15-19 years",2012,6.17513304448063,1087.986487
"Central Sub-Saharan Africa","20-24 years",2012,5.26152378563588,1081.62763
"Southeast Asia","<5 years",2014,7.28716538978931,27508.10106
"Southeast Asia","5-9 years",2014,12.1605886409269,3801.780535
"Southeast Asia","10-14 years",2014,13.6824891933431,2680.972552
"Southeast Asia","15-19 years",2014,6.38110338691451,1917.829002
"Southeast Asia","20-24 years",2014,3.13024716989059,1677.302501
"Central Sub-Saharan Africa","<5 years",2014,16.640377613913,36990.06752
"Central Sub-Saharan Africa","5-9 years",2014,13.9099864118384,2188.864329
"Central Sub-Saharan Africa","10-14 years",2014,9.14995116711825,1005.508915
"Central Sub-Saharan Africa","15-19 years",2014,5.83866337347723,931.2950367
"Central Sub-Saharan Africa","20-24 years",2014,4.94219196262536,923.4143799
"Southern Sub-Saharan Africa","<5 years",2010,9.82875574774219,16303.19884
"Southern Sub-Saharan Africa","5-9 years",2010,6.9914711144621,700.2375098
"Southern Sub-Saharan Africa","10-14 years",2010,5.15877248052348,436.5364177
"Southern Sub-Saharan Africa","15-19 years",2010,3.0502871127438,434.6675266
"Southern Sub-Saharan Africa","20-24 years",2010,2.29196760233871,699.4177006
"South Asia","<5 years",2010,10.8661588876645,254165.7025
"South Asia","5-9 years",2010,30.0605171584431,45935.84064
"South Asia","10-14 years",2010,27.0254956488697,29349.62488
"South Asia","15-19 years",2010,14.6398533703997,21249.5746
"South Asia","20-24 years",2010,8.29189405392821,16275.96384
"South Asia","<5 years",2011,10.5398190590414,235000.3003
"South Asia","5-9 years",2011,30.0912003976428,44716.263
"South Asia","10-14 years",2011,27.179016841418,26839.24163
"South Asia","15-19 years",2011,14.7993218788082,20198.58814
"South Asia","20-24 years",2011,8.34769071288037,15348.91138
"Central Asia","<5 years",2010,3.21653794996819,2833.788028
"Central Asia","5-9 years",2010,1.28065145907032,36.89308258
"Central Asia","10-14 years",2010,0.798202585144189,18.48564114
"Central Asia","15-19 years",2010,0.22838327773481,10.64623186
"Central Asia","20-24 years",2010,0.175079798453056,13.97643587
"South Asia","<5 years",2011,10.5398190590414,235000.3003
"South Asia","5-9 years",2011,30.0912003976428,44716.263
"South Asia","10-14 years",2011,27.179016841418,26839.24163
"South Asia","15-19 years",2011,14.7993218788082,20198.58814
"South Asia","20-24 years",2011,8.34769071288037,15348.91138
"Eastern Sub-Saharan Africa","<5 years",2010,11.7046754417528,135404.4282
"Eastern Sub-Saharan Africa","5-9 years",2010,17.7118963143444,9579.872324
"Eastern Sub-Saharan Africa","10-14 years",2010,13.0683384336073,4681.917909
"Eastern Sub-Saharan Africa","15-19 years",2010,8.85288046263908,5078.479061
"Eastern Sub-Saharan Africa","20-24 years",2010,6.60883579852742,4811.423639
"Southern Sub-Saharan Africa","<5 years",2014,8.91192216783313,12744.73885
"Southern Sub-Saharan Africa","5-9 years",2014,7.11226767891428,586.9513016
"Southern Sub-Saharan Africa","10-14 years",2014,4.39733320490292,333.8874674
"Southern Sub-Saharan Africa","15-19 years",2014,2.72572710935775,355.9591775
"Southern Sub-Saharan Africa","20-24 years",2014,2.3370594804676,548.3678377
"South Asia","<5 years",2014,9.16978334959477,183266.5293
"South Asia","5-9 years",2014,31.4543822604922,36021.20968
"South Asia","10-14 years",2014,27.6026444814303,23486.63182
"South Asia","15-19 years",2014,14.3331417738555,16793.7725
"South Asia","20-24 years",2014,8.23391313116655,13219.10045
"South Asia","<5 years",2010,10.8661588876645,254165.7025
"South Asia","5-9 years",2010,30.0605171584431,45935.84064
"South Asia","10-14 years",2010,27.0254956488697,29349.62488
"South Asia","15-19 years",2010,14.6398533703997,21249.5746
"South Asia","20-24 years",2010,8.29189405392821,16275.96384
"Central Asia","<5 years",2011,3.09818268533797,2728.333009
"Central Asia","5-9 years",2011,1.26710871227761,35.81618624
"Central Asia","10-14 years",2011,0.798802339544116,17.44985721
"Central Asia","15-19 years",2011,0.227735088415346,10.01252898
"Central Asia","20-24 years",2011,0.176911072766604,13.75953895
"Eastern Sub-Saharan Africa","<5 years",2011,11.8408712287014,130878.6892
"Eastern Sub-Saharan Africa","5-9 years",2011,18.1393221949124,9497.647649
"Eastern Sub-Saharan Africa","10-14 years",2011,13.3630508612223,4660.821581
"Eastern Sub-Saharan Africa","15-19 years",2011,8.79744310574364,5030.356663
"Eastern Sub-Saharan Africa","20-24 years",2011,6.63480408022103,4748.577747
"South Asia","<5 years",2013,9.73990271610416,202470.3966
"South Asia","5-9 years",2013,31.2063341718132,39910.46439
"South Asia","10-14 years",2013,28.5401065349736,25287.64822
"South Asia","15-19 years",2013,14.5728945416934,18041.32436
"South Asia","20-24 years",2013,8.03982395745851,14103.50959
"Western Sub-Saharan Africa","<5 years",2013,18.5567325721724,290591.363
"Western Sub-Saharan Africa","5-9 years",2013,21.6728656134453,16739.12571
"Western Sub-Saharan Africa","10-14 years",2013,16.4387121336083,6136.32627
"Western Sub-Saharan Africa","15-19 years",2013,8.70055108622251,3820.81894
"Western Sub-Saharan Africa","20-24 years",2013,6.91612114196577,3427.290206
"South Asia","<5 years",2015,8.59741954196339,167117.0385
"South Asia","5-9 years",2015,30.8735700626579,33404.27144
"South Asia","10-14 years",2015,27.0910932082567,22251.86574
"South Asia","15-19 years",2015,14.724681110672,15776.78739
"South Asia","20-24 years",2015,8.47388271819112,12497.69067
"Central Sub-Saharan Africa","<5 years",2013,17.1602949402257,42609.74955
"Central Sub-Saharan Africa","5-9 years",2013,13.6513716225547,2376.58378
"Central Sub-Saharan Africa","10-14 years",2013,9.10608878834543,1088.306073
"Central Sub-Saharan Africa","15-19 years",2013,5.8955321827742,1005.964412
"Central Sub-Saharan Africa","20-24 years",2013,4.98711203153194,1000.529504
"Eastern Sub-Saharan Africa","<5 years",2015,11.5836305885155,104930.023
"Eastern Sub-Saharan Africa","5-9 years",2015,18.9958095379072,8998.534549
"Eastern Sub-Saharan Africa","10-14 years",2015,13.6914352491523,4542.692904
"Eastern Sub-Saharan Africa","15-19 years",2015,9.02106778106421,4980.935807
"Eastern Sub-Saharan Africa","20-24 years",2015,6.90093311572109,4689.076552
"Southern Sub-Saharan Africa","<5 years",2015,8.74378274981651,11996.22415
"Southern Sub-Saharan Africa","5-9 years",2015,7.46145046710136,600.4782864
"Southern Sub-Saharan Africa","10-14 years",2015,4.24440241061101,319.1224656
"Southern Sub-Saharan Africa","15-19 years",2015,2.58473744579195,340.6063209
"Southern Sub-Saharan Africa","20-24 years",2015,2.25222680583785,524.9008045
"Central Asia","<5 years",2015,2.69188278197588,2171.614338
"Central Asia","5-9 years",2015,1.31991398543931,36.4090326
"Central Asia","10-14 years",2015,0.768753900600706,14.30961361
"Central Asia","15-19 years",2015,0.228011954544071,7.827451559
"Central Asia","20-24 years",2015,0.184157024427044,11.88554985
"South Asia","<5 years",2015,8.59741954196339,167117.0385
"South Asia","5-9 years",2015,30.8735700626579,33404.27144
"South Asia","10-14 years",2015,27.0910932082567,22251.86574
"South Asia","15-19 years",2015,14.724681110672,15776.78739
"South Asia","20-24 years",2015,8.47388271819112,12497.69067
"Eastern Sub-Saharan Africa","<5 years",2014,11.7508514551256,110640.1429
"Eastern Sub-Saharan Africa","5-9 years",2014,18.8130753636376,9156.007085
"Eastern Sub-Saharan Africa","10-14 years",2014,13.7183088736791,4578.335339
"Eastern Sub-Saharan Africa","15-19 years",2014,8.95983939237054,4998.399284
"Eastern Sub-Saharan Africa","20-24 years",2014,6.81816980493622,4698.987521
"Southeast Asia","<5 years",2015,7.1522857431891,25755.25273
"Southeast Asia","5-9 years",2015,12.0420665719396,3660.33194
"Southeast Asia","10-14 years",2015,13.4423621852276,2568.700562
"Southeast Asia","15-19 years",2015,6.29908737995971,1841.722104
"Southeast Asia","20-24 years",2015,3.07443181264156,1620.755205
"Western Sub-Saharan Africa","<5 years",2014,18.2461743519704,276157.1109
"Western Sub-Saharan Africa","5-9 years",2014,21.8188067625593,16485.76224
"Western Sub-Saharan Africa","10-14 years",2014,16.2329414902264,6037.605714
"Western Sub-Saharan Africa","15-19 years",2014,8.58448415729466,3778.493489
"Western Sub-Saharan Africa","20-24 years",2014,6.8050583979621,3384.291744
"Central Sub-Saharan Africa","<5 years",2015,16.2161748927986,32152.9898
"Central Sub-Saharan Africa","5-9 years",2015,14.1024793515669,1999.066964
"Central Sub-Saharan Africa","10-14 years",2015,9.21682333110212,921.5848709
"Central Sub-Saharan Africa","15-19 years",2015,5.874468561114,854.5035924
"Central Sub-Saharan Africa","20-24 years",2015,4.99631732668677,845.7511229
"East Asia","<5 years",2013,1.3126860748969,2115.46839
"East Asia","5-9 years",2013,0.995425883213412,276.6425643
"East Asia","10-14 years",2013,1.0197409757789,166.5539282
"East Asia","15-19 years",2013,0.510707324736752,123.2627704
"East Asia","20-24 years",2013,0.272128143902058,139.9085255
"South Asia","<5 years",2014,9.16978334959477,183266.5293
"South Asia","5-9 years",2014,31.4543822604922,36021.20968
"South Asia","10-14 years",2014,27.6026444814303,23486.63182
"South Asia","15-19 years",2014,14.3331417738555,16793.7725
"South Asia","20-24 years",2014,8.23391313116655,13219.10045
"Southeast Asia","<5 years",2013,7.47941005188602,29525.95612
"Southeast Asia","5-9 years",2013,11.9776476050631,3906.104599
"Southeast Asia","10-14 years",2013,13.466347843515,2785.771623
"Southeast Asia","15-19 years",2013,6.35445505412243,1990.229717
"Southeast Asia","20-24 years",2013,3.1422167555231,1734.642748
"Southern Sub-Saharan Africa","<5 years",2013,9.36596638121505,13852.13493
"Southern Sub-Saharan Africa","5-9 years",2013,6.92586146228097,623.4132028
"Southern Sub-Saharan Africa","10-14 years",2013,4.64431208671317,364.0293776
"Southern Sub-Saharan Africa","15-19 years",2013,2.86000570700176,375.2873381
"Southern Sub-Saharan Africa","20-24 years",2013,2.39882537233277,574.78915
"Central Sub-Saharan Africa","<5 years",2011,17.9513538815106,53931.27658
"Central Sub-Saharan Africa","5-9 years",2011,13.7715150488986,2826.371972
"Central Sub-Saharan Africa","10-14 years",2011,9.61864107966093,1294.817255
"Central Sub-Saharan Africa","15-19 years",2011,6.43346984226145,1183.043362
"Central Sub-Saharan Africa","20-24 years",2011,5.47796134340717,1176.045786
"East Asia","<5 years",2015,1.22343188385135,1930.175581
"East Asia","5-9 years",2015,1.05814627009652,261.5796384
"East Asia","10-14 years",2015,1.05552636042157,150.8832795
"East Asia","15-19 years",2015,0.512604467330163,109.0840116
"East Asia","20-24 years",2015,0.26573416230004,118.9239469
"Western Sub-Saharan Africa","<5 years",2012,18.8148472940373,302085.0002
"Western Sub-Saharan Africa","5-9 years",2012,21.3467382569771,16864.34388
"Western Sub-Saharan Africa","10-14 years",2012,16.4601427049949,6222.744973
"Western Sub-Saharan Africa","15-19 years",2012,8.72374614648961,3865.375552
"Western Sub-Saharan Africa","20-24 years",2012,6.88872364390447,3473.320966
"Central Asia","<5 years",2014,2.82633388614021,2376.895412
"Central Asia","5-9 years",2014,1.28036653056211,37.10636256
"Central Asia","10-14 years",2014,0.76810769024196,14.9140522
"Central Asia","15-19 years",2014,0.221920800729206,8.123013208
"Central Asia","20-24 years",2014,0.181261528501397,11.92227243
"South Asia","<5 years",2018,8.0340993768081,125123.917
"South Asia","5-9 years",2018,30.9352794355715,26068.76077
"South Asia","10-14 years",2018,27.5016006166057,19127.40904
"South Asia","15-19 years",2018,14.2604939707431,13270.49444
"South Asia","20-24 years",2018,7.94298794787992,10900.38945
"Southern Sub-Saharan Africa","<5 years",2018,8.65437699058373,10269.21288
"Southern Sub-Saharan Africa","5-9 years",2018,8.48248610628227,634.7104887
"Southern Sub-Saharan Africa","10-14 years",2018,3.86418162542028,347.2423896
"Southern Sub-Saharan Africa","15-19 years",2018,2.53213625396651,314.5139693
"Southern Sub-Saharan Africa","20-24 years",2018,2.42203867988676,471.1359722
"Western Sub-Saharan Africa","<5 years",2016,18.5886508095007,256196.3602
"Western Sub-Saharan Africa","5-9 years",2016,23.5667311190929,16218.07859
"Western Sub-Saharan Africa","10-14 years",2016,17.0119716238452,5976.946287
"Western Sub-Saharan Africa","15-19 years",2016,9.01961944790194,3702.10176
"Western Sub-Saharan Africa","20-24 years",2016,7.24595419988707,3318.876162
"East Asia","<5 years",2018,1.29446338008952,1608.300651
"East Asia","5-9 years",2018,1.09796982589859,227.2671953
"East Asia","10-14 years",2018,1.05441738639934,143.6339781
"East Asia","15-19 years",2018,0.488157411182858,94.24405628
"East Asia","20-24 years",2018,0.25501211184538,97.96880798
"Central Sub-Saharan Africa","<5 years",2016,15.6982334575841,28436.30556
"Central Sub-Saharan Africa","5-9 years",2016,14.0483610867128,1884.039156
"Central Sub-Saharan Africa","10-14 years",2016,9.03079029287035,880.9357529
"Central Sub-Saharan Africa","15-19 years",2016,5.75104291052514,815.3281988
"Central Sub-Saharan Africa","20-24 years",2016,4.90294649986478,809.8561212
"Southeast Asia","<5 years",2016,6.93039196249466,24067.32104
"Southeast Asia","5-9 years",2016,12.0702100324982,3580.158435
"Southeast Asia","10-14 years",2016,13.4328069973349,2500.734935
"Southeast Asia","15-19 years",2016,6.24025388603875,1789.545639
"Southeast Asia","20-24 years",2016,3.03137236979611,1575.755157
"Central Asia","<5 years",2019,2.76788875027317,1883.157541
"Central Asia","5-9 years",2019,1.39513650283651,32.68854789
"Central Asia","10-14 years",2019,0.806824274223238,13.14526162
"Central Asia","15-19 years",2019,0.238247898810401,6.167460293
"Central Asia","20-24 years",2019,0.187068032979407,9.511212869
"East Asia","<5 years",2019,1.29799828376189,1403.980056
"East Asia","5-9 years",2019,1.11004216776835,223.099575
"East Asia","10-14 years",2019,1.04771779539874,143.4528078
"East Asia","15-19 years",2019,0.479858159730369,91.12233164
"East Asia","20-24 years",2019,0.253730607491122,91.97277944
"Central Sub-Saharan Africa","<5 years",2018,14.3591232968327,22387.48063
"Central Sub-Saharan Africa","5-9 years",2018,14.2766580694727,1715.360115
"Central Sub-Saharan Africa","10-14 years",2018,8.98605949963279,850.6618176
"Central Sub-Saharan Africa","15-19 years",2018,5.62614110287389,804.2342191
"Central Sub-Saharan Africa","20-24 years",2018,4.78003861924228,799.7534327
"Southeast Asia","<5 years",2018,6.76503093040071,21390.20514
"Southeast Asia","5-9 years",2018,12.3104918452194,3463.838176
"Southeast Asia","10-14 years",2018,13.6579598791316,2376.514995
"Southeast Asia","15-19 years",2018,6.35927710761837,1687.939293
"Southeast Asia","20-24 years",2018,3.03334047029361,1504.119473
"Western Sub-Saharan Africa","<5 years",2017,19.0495393171452,243613.7633
"Western Sub-Saharan Africa","5-9 years",2017,24.0569344524278,16035.03886
"Western Sub-Saharan Africa","10-14 years",2017,17.0964678033106,5976.014265
"Western Sub-Saharan Africa","15-19 years",2017,9.03817048832297,3705.967253
"Western Sub-Saharan Africa","20-24 years",2017,7.28240430153604,3324.732065
"East Asia","<5 years",2017,1.32695270252344,1784.6086
"East Asia","5-9 years",2017,1.10050943701827,237.120591
"East Asia","10-14 years",2017,1.06884741775551,145.3235719
"East Asia","15-19 years",2017,0.500939897918068,98.02387272
"East Asia","20-24 years",2017,0.260054606609987,104.3914905
"Southern Sub-Saharan Africa","<5 years",2016,8.66362001972041,11339.9435
"Southern Sub-Saharan Africa","5-9 years",2016,7.7249176285018,623.1404357
"Southern Sub-Saharan Africa","10-14 years",2016,4.00559667864788,327.1066093
"Southern Sub-Saharan Africa","15-19 years",2016,2.48636354557415,329.4717352
"Southern Sub-Saharan Africa","20-24 years",2016,2.21670130878907,507.2168984
"South Asia","<5 years",2019,7.80077099571024,113436.0437
"South Asia","5-9 years",2019,30.7725899782824,23169.49899
"South Asia","10-14 years",2019,27.177400364532,18059.67785
"South Asia","15-19 years",2019,13.9054727950906,12511.87281
"South Asia","20-24 years",2019,7.68887452819629,10488.96726
"Eastern Sub-Saharan Africa","<5 years",2019,11.0428000990708,83563.75491
"Eastern Sub-Saharan Africa","5-9 years",2019,20.2279100005875,8304.396471
"Eastern Sub-Saharan Africa","10-14 years",2019,13.5451558105155,4299.85683
"Eastern Sub-Saharan Africa","15-19 years",2019,8.97522764117071,4897.150508
"Eastern Sub-Saharan Africa","20-24 years",2019,7.03592835298973,4672.205198
"Southeast Asia","<5 years",2019,6.61285482087104,20198.49252
"Southeast Asia","5-9 years",2019,12.7165267062891,3396.359633
"Southeast Asia","10-14 years",2019,14.4230274882393,2326.540279
"Southeast Asia","15-19 years",2019,6.64376866339436,1641.603946
"Southeast Asia","20-24 years",2019,3.12802077968666,1470.144559
"South Asia","<5 years",2016,8.30520145654556,149990.7803
"South Asia","5-9 years",2016,31.3575454512999,32111.18888
"South Asia","10-14 years",2016,28.2120766152417,21742.32897
"South Asia","15-19 years",2016,15.2970705249218,15113.11465
"South Asia","20-24 years",2016,8.51594842391758,12059.52771
"East Asia","<5 years",2016,1.22964285210081,1931.677067
"East Asia","5-9 years",2016,1.08127620092502,250.9219112
"East Asia","10-14 years",2016,1.06037890848259,149.051721
"East Asia","15-19 years",2016,0.512342832515131,103.8003377
"East Asia","20-24 years",2016,0.267959997804408,111.3867283
"South Asia","<5 years",2017,8.4254019150222,135938.5321
"South Asia","5-9 years",2017,31.47863482571,29699.86356
"South Asia","10-14 years",2017,28.5939763400867,21113.18403
"South Asia","15-19 years",2017,15.3282611981731,14777.29408
"South Asia","20-24 years",2017,8.44697818202198,11674.46525
"Central Sub-Saharan Africa","<5 years",2017,15.1707382864753,24785.97887
"Central Sub-Saharan Africa","5-9 years",2017,14.0151747294348,1804.541584
"Central Sub-Saharan Africa","10-14 years",2017,8.87079746380146,868.2360535
"Central Sub-Saharan Africa","15-19 years",2017,5.54286901070897,811.2727684
"Central Sub-Saharan Africa","20-24 years",2017,4.6874952900157,805.8703358
"Southeast Asia","<5 years",2017,6.87519790556958,22559.18743
"Southeast Asia","5-9 years",2017,11.8149213498,3507.52489
"Southeast Asia","10-14 years",2017,13.1740647478148,2433.450283
"Southeast Asia","15-19 years",2017,6.06117468345602,1734.772725
"Southeast Asia","20-24 years",2017,2.92525302969339,1540.646868
"Central Asia","<5 years",2017,2.72401744070823,1940.807077
"Central Asia","5-9 years",2017,1.36523097104964,33.33693629
"Central Asia","10-14 years",2017,0.805043374462453,13.07197304
"Central Asia","15-19 years",2017,0.238097758366879,6.877309992
"Central Asia","20-24 years",2017,0.189891727322469,10.98460173
"Eastern Sub-Saharan Africa","<5 years",2017,11.5803354463787,95012.84681
"Eastern Sub-Saharan Africa","5-9 years",2017,19.7317252368685,8759.299766
"Eastern Sub-Saharan Africa","10-14 years",2017,13.6637554642612,4479.295723
"Eastern Sub-Saharan Africa","15-19 years",2017,9.02303517592524,4947.503219
"Eastern Sub-Saharan Africa","20-24 years",2017,6.97094475559794,4672.729213
"Eastern Sub-Saharan Africa","<5 years",2018,11.3540818812238,88451.11561
"Eastern Sub-Saharan Africa","5-9 years",2018,20.0807304609894,8509.731116
"Eastern Sub-Saharan Africa","10-14 years",2018,13.6128509173167,4376.988226
"Eastern Sub-Saharan Africa","15-19 years",2018,8.98398526890681,4911.98266
"Eastern Sub-Saharan Africa","20-24 years",2018,6.97595731340128,4650.392753
"South Asia","<5 years",2018,8.0340993768081,125123.917
"South Asia","5-9 years",2018,30.9352794355715,26068.76077
"South Asia","10-14 years",2018,27.5016006166057,19127.40904
"South Asia","15-19 years",2018,14.2604939707431,13270.49444
"South Asia","20-24 years",2018,7.94298794787992,10900.38945
"Western Sub-Saharan Africa","<5 years",2018,18.5855548064682,230197.4555
"Western Sub-Saharan Africa","5-9 years",2018,23.8668374200571,15648.84351
"Western Sub-Saharan Africa","10-14 years",2018,16.8046881196253,5914.383776
"Western Sub-Saharan Africa","15-19 years",2018,8.78643293082053,3671.925408
"Western Sub-Saharan Africa","20-24 years",2018,7.07922371671782,3291.570972
"Southern Sub-Saharan Africa","<5 years",2017,8.73489139269848,10591.18986
"Southern Sub-Saharan Africa","5-9 years",2017,8.02032035013381,616.649965
"Southern Sub-Saharan Africa","10-14 years",2017,3.8144751996083,333.7173811
"Southern Sub-Saharan Africa","15-19 years",2017,2.46655624410617,321.0274602
"Southern Sub-Saharan Africa","20-24 years",2017,2.27735428297559,486.8396599
"Central Asia","<5 years",2018,2.75108812911699,1897.519069
"Central Asia","5-9 years",2018,1.3791175349551,32.2201519
"Central Asia","10-14 years",2018,0.797135826073635,13.01542434
"Central Asia","15-19 years",2018,0.23767773967122,6.444479366
"Central Asia","20-24 years",2018,0.188760762223261,10.33385605
"South Asia","<5 years",2017,8.4254019150222,135938.5321
"South Asia","5-9 years",2017,31.47863482571,29699.86356
"South Asia","10-14 years",2017,28.5939763400867,21113.18403
"South Asia","15-19 years",2017,15.3282611981731,14777.29408
"South Asia","20-24 years",2017,8.44697818202198,11674.46525
"Central Sub-Saharan Africa","<5 years",2019,13.5326758868414,19936.87325
"Central Sub-Saharan Africa","5-9 years",2019,14.0068234501091,1645.129297
"Central Sub-Saharan Africa","10-14 years",2019,8.7943109662249,838.5088446
"Central Sub-Saharan Africa","15-19 years",2019,5.5798531546693,801.8273592
"Central Sub-Saharan Africa","20-24 years",2019,4.7626630771842,798.3034859
"Eastern Sub-Saharan Africa","<5 years",2016,11.4084261568013,100439.8122
"Eastern Sub-Saharan Africa","5-9 years",2016,19.03907147624,8848.823256
"Eastern Sub-Saharan Africa","10-14 years",2016,13.5504956741046,4514.139682
"Eastern Sub-Saharan Africa","15-19 years",2016,8.99082187773414,4967.764034
"Eastern Sub-Saharan Africa","20-24 years",2016,6.91142428411724,4690.832505
"Central Asia","<5 years",2016,2.65664952569725,2080.692327
"Central Asia","5-9 years",2016,1.34884620982011,35.654676
"Central Asia","10-14 years",2016,0.800487923273457,14.26511091
"Central Asia","15-19 years",2016,0.235166988662977,7.608243372
"Central Asia","20-24 years",2016,0.188016457278353,11.97663677
"Southern Sub-Saharan Africa","<5 years",2019,8.49154265985911,9841.44927
"Southern Sub-Saharan Africa","5-9 years",2019,8.57453213625963,643.192313
"Southern Sub-Saharan Africa","10-14 years",2019,3.81450086518437,352.3167225
"Southern Sub-Saharan Africa","15-19 years",2019,2.51410781930936,302.9637059
"Southern Sub-Saharan Africa","20-24 years",2019,2.49853640311221,460.6922641
"Western Sub-Saharan Africa","<5 years",2019,18.1852084480417,217446.0106
"Western Sub-Saharan Africa","5-9 years",2019,23.8453461944012,15256.26062
"Western Sub-Saharan Africa","10-14 years",2019,16.7098564952486,5846.080709
"Western Sub-Saharan Africa","15-19 years",2019,8.72510845403738,3668.997547
"Western Sub-Saharan Africa","20-24 years",2019,7.06748352574771,3287.557754
"South Asia","<5 years",2019,7.80077099571024,113436.0437
"South Asia","5-9 years",2019,30.7725899782824,23169.49899
"South Asia","10-14 years",2019,27.177400364532,18059.67785
"South Asia","15-19 years",2019,13.9054727950906,12511.87281
"South Asia","20-24 years",2019,7.68887452819629,10488.96726
"South Asia","<5 years",2016,8.30520145654556,149990.7803
"South Asia","5-9 years",2016,31.3575454512999,32111.18888
"South Asia","10-14 years",2016,28.2120766152417,21742.32897
"South Asia","15-19 years",2016,15.2970705249218,15113.11465
"South Asia","20-24 years",2016,8.51594842391758,12059.52771
